[
  {
    "dimension": {
      "f_135804_": "minecraft",
      "f_135805_": "overworld"
    },
    "id": "58a1bfe6-bba3-4d69-b173-831530537ba3",
    "ownerID": "c8b29db1-d515-331f-866d-47f4e6b40592",
    "pos": {
      "f_123285_": 2357,
      "f_123286_": 74,
      "f_123289_": 1381
    },
    "type": 1
  },
  {
    "dimension": {
      "f_135804_": "minecraft",
      "f_135805_": "overworld"
    },
    "id": "39eae81f-daac-433d-b559-17c3697795c7",
    "ownerID": "b5ac523a-a1e0-3ca9-9418-fcc5ec8a03e7",
    "pos": {
      "f_123285_": 2055,
      "f_123286_": 63,
      "f_123289_": 1443
    },
    "type": 1
  }
]