{"stats":{"minecraft:used":{"minecraft:oak_log":3,"minecraft:acacia_log":1},"minecraft:mined":{"minecraft:grass":2,"minecraft:acacia_log":1,"minecraft:oak_log":3},"minecraft:custom":{"minecraft:jump":67,"minecraft:damage_taken":40,"minecraft:time_since_rest":1723,"minecraft:crouch_one_cm":255,"minecraft:leave_game":2,"minecraft:play_time":1723,"minecraft:sprint_one_cm":6810,"minecraft:time_since_death":1723,"minecraft:walk_one_cm":1410,"minecraft:sneak_time":86,"minecraft:total_world_time":1723,"minecraft:fall_one_cm":3704,"minecraft:fly_one_cm":19667},"minecraft:picked_up":{"minecraft:oak_log":3,"minecraft:acacia_log":1}},"DataVersion":3120}