{"stats":{"minecraft:used":{"farmersdelight:ratatouille":3,"minecraft:wooden_axe":22,"byg:palm_crafting_table":2,"immersive_armors:wooden_chestplate":1,"immersive_armors:wooden_boots":1,"minecraft:wooden_sword":47,"undead_unleashed:grave_metal_axe":2,"immersive_armors:wooden_leggings":1,"immersive_armors:wooden_helmet":1},"minecraft:crafted":{"byg:palm_planks":32,"forbidden_arcanus:cherry_planks":38,"byg:palm_crafting_table":1,"minecraft:stick":4,"minecraft:wooden_pickaxe":1,"minecraft:wooden_axe":1},"minecraft:mined":{"byg:palm_log":8,"minecraft:red_bed":1,"forbidden_arcanus:thin_cherry_log":17,"byg:palm_crafting_table":2,"forbidden_arcanus:cherry_leaves":1,"minecraft:dark_oak_fence":1,"minecraft:grass":1,"forbidden_arcanus:cherry_log":1,"minecraft:cobweb":1,"minecraft:oak_leaves":6},"minecraft:custom":{"lootr:looted_stat":2,"minecraft:time_since_rest":2902,"enigmaticlegacy:play_time_with_seven_curses":0,"minecraft:sprint_one_cm":32457,"minecraft:damage_taken":391,"minecraft:walk_one_cm":43519,"minecraft:mob_kills":12,"minecraft:drop":12,"minecraft:damage_dealt":3375,"enigmaticlegacy:play_time_without_seven_curses":15472,"minecraft:interact_with_crafting_table":2,"minecraft:swim_one_cm":9003,"minecraft:fly_one_cm":31118,"minecraft:open_chest":2,"minecraft:crouch_one_cm":791,"minecraft:play_time":15472,"minecraft:sneak_time":282,"minecraft:walk_under_water_one_cm":2413,"minecraft:damage_dealt_resisted":0,"minecraft:jump":183,"minecraft:sleep_in_bed":1,"minecraft:time_since_death":15472,"minecraft:walk_on_water_one_cm":3021,"minecraft:climb_one_cm":256,"minecraft:total_world_time":15472,"minecraft:fall_one_cm":3578},"minecraft:dropped":{"minecraft:dark_oak_fence":2,"immersive_armors:wooden_leggings":1,"minecraft:bowl":3,"immersive_armors:wooden_chestplate":1,"minecraft:string":2,"undead_unleashed:grave_metal_scrap":3,"immersive_armors:wooden_helmet":1,"minecraft:leather_chestplate":1},"minecraft:killed":{"minecraft:skeleton":2,"minecraft:pillager":2,"minecraft:zombie":2,"minecraft:pig":2,"minecraft:vindicator":1,"minecraft:drowned":1,"undead_unleashed:haunter":1,"humancompanions:arbalist":1},"minecraft:picked_up":{"minecraft:leather_chestplate":1,"apotheosis:rare_material":5,"byg:palm_crafting_table":2,"ecologics:coconut_slice":2,"minecraft:bowl":3,"forbidden_arcanus:cherry_sapling":9,"undead_unleashed:grave_metal_chestplate":1,"minecraft:porkchop":5,"undead_unleashed:grave_metal_scrap":3,"minecraft:wither_skeleton_skull":1,"minecraft:red_bed":1,"minecraft:leather_helmet":1,"minecraft:string":3,"forbidden_arcanus:thin_cherry_log":17,"skilltree:wisdom_scroll":1,"minecraft:rotten_flesh":2,"minecraft:arrow":6,"minecraft:bone":2,"minecraft:chainmail_leggings":1,"immersive_armors:wooden_leggings":1,"minecraft:crossbow":2,"minecraft:golden_apple":20,"forbidden_arcanus:cherry_peach":2,"undead_unleashed:grave_metal_axe":1,"minecraft:emerald":1,"byg:palm_log":8,"minecraft:dark_oak_fence":3,"forbidden_arcanus:cherry_log":1}},"DataVersion":3120}