{"stats":{"minecraft:used":{"farmersdelight:diamond_knife":24,"minecraft:spruce_planks":2,"minecraft:shield":17,"minecraft:iron_sword":266,"forbidden_arcanus:cherry_peach":2,"byg:palm_crafting_table":3,"minecraft:spyglass":1,"undead_unleashed:grave_metal_axe":2,"minecraft:wooden_axe":22,"minecraft:stone_bricks":6,"immersive_armors:wooden_chestplate":1,"immersive_armors:wooden_helmet":1,"minecraft:golden_apple":8,"minecraft:crafting_table":1,"minecraft:red_bed":2,"minecraft:crossbow":3,"farmersdelight:bacon_and_eggs":8,"farmersdelight:ratatouille":3,"minecraft:iron_pickaxe":45,"ecologics:coconut_slice":2,"immersive_armors:wooden_boots":1,"minecraft:fire_charge":1,"minecraft:wooden_sword":52,"minecraft:cobblestone":3,"immersive_armors:wooden_leggings":1,"minecraft:candle":1},"minecraft:crafted":{"minecraft:wooden_sword":1,"byg:palm_crafting_table":1,"minecraft:emerald":45,"minecraft:crafting_table":1,"minecraft:wooden_pickaxe":1,"minecraft:iron_sword":1,"byg:palm_planks":32,"forbidden_arcanus:cherry_planks":38,"cisco_mod:adventurer_chestplate":1,"minecraft:iron_chestplate":1,"minecraft:shield":1,"minecraft:stick":12,"minecraft:wooden_axe":1,"minecraft:gold_ingot":81},"minecraft:broken":{"aether:iron_gloves":1},"minecraft:mined":{"minecraft:dark_oak_planks":2,"minecraft:spruce_planks":2,"minecraft:candle":1,"byg:palm_crafting_table":2,"minecraft:dark_oak_pressure_plate":1,"minecraft:dark_oak_fence":1,"minecraft:grass_block":3,"forbidden_arcanus:thin_cherry_log":17,"minecraft:fire":1,"forbidden_arcanus:cherry_leaves":1,"minecraft:gold_block":12,"minecraft:cobblestone_slab":1,"minecraft:spruce_slab":1,"minecraft:red_bed":3,"minecraft:cobblestone":3,"minecraft:oak_planks":1,"byg:palm_log":8,"minecraft:redstone_torch":1,"minecraft:birch_leaves":1,"minecraft:grass":1,"forbidden_arcanus:cherry_log":1,"structure_gel:dynamic_spawner":5,"minecraft:cobweb":22,"minecraft:cracked_stone_bricks":4,"minecraft:stone_bricks":8,"minecraft:mossy_stone_bricks":3,"minecraft:oak_leaves":12,"minecraft:emerald_block":5},"minecraft:custom":{"minecraft:interact_with_smithing_table":1,"enigmaticlegacy:play_time_with_seven_curses":0,"lootr:looted_stat":43,"minecraft:inspect_dropper":9,"minecraft:mob_kills":128,"minecraft:interact_with_crafting_table":8,"minecraft:open_barrel":7,"minecraft:damage_dealt_resisted":700,"minecraft:time_since_death":87472,"minecraft:climb_one_cm":6014,"minecraft:damage_resisted":0,"minecraft:sprint_one_cm":213640,"minecraft:walk_one_cm":273624,"minecraft:damage_blocked_by_shield":227,"minecraft:drop":66,"minecraft:talked_to_villager":2,"minecraft:play_time":87472,"minecraft:sneak_time":1880,"minecraft:walk_under_water_one_cm":10129,"minecraft:jump":1678,"minecraft:walk_on_water_one_cm":14746,"minecraft:total_world_time":87472,"enigmaticlegacy:play_time_without_seven_curses":87472,"minecraft:interact_with_cartography_table":1,"minecraft:sleep_in_bed":2,"minecraft:time_since_rest":53024,"minecraft:waystone_activated":1,"minecraft:damage_taken":2840,"minecraft:damage_absorbed":287,"minecraft:damage_dealt":44222,"minecraft:swim_one_cm":49203,"minecraft:fly_one_cm":213114,"minecraft:player_kills":1,"minecraft:open_chest":3,"minecraft:crouch_one_cm":5156,"minecraft:interact_with_smoker":2,"minecraft:fall_one_cm":40888,"minecraft:inspect_dispenser":9},"minecraft:killed":{"minecraft:evoker":1,"minecraft:vex":6,"minecraft:spider":25,"minecraft:vindicator":2,"humancompanions:arbalist":1,"minecraft:skeleton":16,"alexsmobs:leafcutter_ant":1,"minecraft:drowned":2,"cataclysm:lionfish":1,"cataclysm:deepling_angler":1,"minecraft:pig":6,"minecraft:creeper":1,"minecraft:pillager":16,"minecraft:zombie":27,"minecraft:mooshroom":1,"enemyexpansion:botfly":15,"undead_unleashed:haunter":3},"minecraft:picked_up":{"byg:palm_crafting_table":2,"minecraft:wheat":3,"minecraft:brown_mushroom":128,"minecraft:gold_block":9,"undead_unleashed:grave_metal_chestplate":2,"minecraft:red_bed":2,"minecraft:string":14,"apotheosis:epic_material":2,"forbidden_arcanus:thin_cherry_log":17,"skilltree:wisdom_scroll":2,"minecraft:wooden_sword":2,"minecraft:experience_bottle":3,"minecraft:candle":1,"minecraft:spruce_planks":2,"minecraft:beef":3,"immersive_armors:wooden_leggings":1,"minecraft:redstone_torch":1,"minecraft:spruce_slab":1,"apotheosis:rare_material":5,"apotheosis:gem":1,"ecologics:coconut_slice":2,"minecraft:bowl":11,"minecraft:fire_charge":24,"minecraft:porkchop":5,"minecraft:dark_oak_planks":2,"minecraft:rotten_flesh":5,"minecraft:arrow":51,"cisco_mod:adventurer_leggings":1,"forbidden_arcanus:cherry_peach":2,"minecraft:gold_ingot":1,"minecraft:totem_of_undying":1,"byg:palm_log":8,"forbidden_arcanus:spawner_scrap":2,"minecraft:cobblestone":3,"minecraft:leather_chestplate":2,"forbidden_arcanus:cherry_sapling":9,"minecraft:chainmail_chestplate":1,"minecraft:wither_skeleton_skull":1,"cisco_mod:adventurer_boots":1,"minecraft:lapis_lazuli":1,"minecraft:white_banner":1,"minecraft:bone":7,"minecraft:stone_bricks":6,"minecraft:bow":1,"minecraft:cooked_chicken":1,"forbidden_arcanus:cherry_log":1,"minecraft:iron_sword":1,"minecraft:emerald_block":5,"undead_unleashed:grave_metal_scrap":6,"irons_spellbooks:evoker_spell_book":1,"minecraft:leather_helmet":1,"majruszsaccessories:owl_feather":1,"minecraft:chainmail_leggings":1,"minecraft:crossbow":2,"minecraft:golden_apple":20,"undead_unleashed:grave_metal_axe":2,"minecraft:emerald":6,"minecraft:coal":32,"minecraft:dark_oak_fence":3},"minecraft:dropped":{"minecraft:iron_ingot":2,"minecraft:iron_sword":2,"undead_unleashed:grave_metal_chestplate":1,"minecraft:lapis_lazuli":2,"minecraft:crossbow":1,"minecraft:lantern":1,"undead_unleashed:grave_metal_scrap":6,"minecraft:coal":48,"minecraft:leather_helmet":1,"minecraft:golden_apple":17,"minecraft:stick":2,"minecraft:emerald":2,"minecraft:dark_oak_fence":2,"immersive_armors:wooden_leggings":1,"forbidden_arcanus:cherry_planks":24,"forbidden_arcanus:spawner_scrap":2,"minecraft:fire_charge":25,"minecraft:wooden_sword":2,"minecraft:white_banner":1,"minecraft:iron_axe":1,"immersive_armors:wooden_chestplate":1,"minecraft:chainmail_leggings":1,"minecraft:string":13,"minecraft:gold_ingot":3,"minecraft:bone":3,"minecraft:redstone":1,"minecraft:cooked_chicken":1,"minecraft:bowl":14,"minecraft:wheat":3,"immersive_armors:wooden_boots":1,"minecraft:rotten_flesh":1,"enigmaticlegacy:cursed_ring":1,"minecraft:chainmail_chestplate":1,"minecraft:filled_map":1,"minecraft:leather_chestplate":1,"undead_unleashed:grave_metal_axe":1,"minecraft:spruce_slab":1,"minecraft:arrow":73,"minecraft:bow":1,"minecraft:wooden_pickaxe":1,"farmersdelight:ratatouille":16,"immersive_armors:wooden_helmet":1}},"DataVersion":3120}