{"stats":{"minecraft:used":{"farmersdelight:diamond_knife":24,"minecraft:spruce_planks":2,"minecraft:shield":6,"minecraft:iron_sword":22,"forbidden_arcanus:cherry_peach":2,"byg:palm_crafting_table":3,"minecraft:golden_apple":2,"minecraft:spyglass":1,"minecraft:crafting_table":1,"minecraft:red_bed":1,"minecraft:crossbow":1,"undead_unleashed:grave_metal_axe":2,"farmersdelight:bacon_and_eggs":1,"minecraft:wooden_axe":22,"farmersdelight:ratatouille":3,"minecraft:iron_pickaxe":14,"minecraft:fire_charge":1,"ecologics:coconut_slice":2,"minecraft:wooden_sword":52,"immersive_armors:wooden_boots":1,"immersive_armors:wooden_chestplate":1,"immersive_armors:wooden_leggings":1,"immersive_armors:wooden_helmet":1},"minecraft:crafted":{"minecraft:wooden_sword":1,"byg:palm_crafting_table":1,"minecraft:emerald":45,"minecraft:crafting_table":1,"minecraft:wooden_pickaxe":1,"minecraft:iron_sword":1,"byg:palm_planks":32,"forbidden_arcanus:cherry_planks":38,"cisco_mod:adventurer_chestplate":1,"minecraft:iron_chestplate":1,"minecraft:shield":1,"minecraft:stick":12,"minecraft:gold_ingot":81,"minecraft:wooden_axe":1},"minecraft:mined":{"minecraft:dark_oak_planks":2,"minecraft:spruce_planks":2,"minecraft:red_bed":2,"byg:palm_crafting_table":2,"minecraft:dark_oak_fence":1,"minecraft:grass_block":2,"byg:palm_log":8,"forbidden_arcanus:thin_cherry_log":17,"minecraft:fire":1,"forbidden_arcanus:cherry_leaves":1,"minecraft:gold_block":9,"minecraft:grass":1,"forbidden_arcanus:cherry_log":1,"minecraft:cobweb":1,"minecraft:spruce_slab":1,"minecraft:oak_leaves":7,"minecraft:emerald_block":5},"minecraft:custom":{"minecraft:interact_with_smithing_table":1,"enigmaticlegacy:play_time_with_seven_curses":0,"minecraft:inspect_dropper":9,"lootr:looted_stat":28,"minecraft:mob_kills":34,"minecraft:interact_with_cartography_table":1,"enigmaticlegacy:play_time_without_seven_curses":39472,"minecraft:interact_with_crafting_table":8,"minecraft:open_barrel":7,"minecraft:damage_dealt_resisted":700,"minecraft:time_since_death":39472,"minecraft:sleep_in_bed":2,"minecraft:climb_one_cm":1986,"minecraft:damage_resisted":0,"minecraft:time_since_rest":5024,"minecraft:sprint_one_cm":79551,"minecraft:damage_absorbed":46,"minecraft:damage_taken":790,"minecraft:walk_one_cm":96212,"minecraft:damage_blocked_by_shield":187,"minecraft:drop":33,"minecraft:damage_dealt":11780,"minecraft:talked_to_villager":1,"minecraft:swim_one_cm":39761,"minecraft:fly_one_cm":65222,"minecraft:open_chest":2,"minecraft:crouch_one_cm":2949,"minecraft:play_time":39472,"minecraft:sneak_time":1156,"minecraft:walk_under_water_one_cm":9920,"minecraft:jump":467,"minecraft:walk_on_water_one_cm":11537,"minecraft:interact_with_smoker":2,"minecraft:total_world_time":39472,"minecraft:fall_one_cm":8950,"minecraft:inspect_dispenser":9},"minecraft:dropped":{"undead_unleashed:grave_metal_chestplate":1,"minecraft:lapis_lazuli":1,"minecraft:bowl":12,"minecraft:wheat":3,"immersive_armors:wooden_boots":1,"undead_unleashed:grave_metal_scrap":3,"minecraft:leather_helmet":1,"minecraft:chainmail_chestplate":1,"minecraft:stick":2,"minecraft:leather_chestplate":1,"minecraft:dark_oak_fence":2,"immersive_armors:wooden_leggings":1,"minecraft:fire_charge":1,"minecraft:wooden_sword":2,"minecraft:spruce_slab":1,"minecraft:white_banner":1,"minecraft:wooden_pickaxe":1,"immersive_armors:wooden_chestplate":1,"minecraft:chainmail_leggings":1,"minecraft:string":2,"immersive_armors:wooden_helmet":1,"minecraft:gold_ingot":1,"minecraft:redstone":1},"minecraft:killed":{"cataclysm:deepling_angler":1,"minecraft:evoker":1,"minecraft:vex":1,"minecraft:pig":3,"minecraft:vindicator":2,"humancompanions:arbalist":1,"minecraft:skeleton":2,"minecraft:pillager":16,"minecraft:zombie":2,"minecraft:mooshroom":1,"cataclysm:lionfish":1,"minecraft:drowned":2,"undead_unleashed:haunter":1},"minecraft:picked_up":{"minecraft:wheat":3,"minecraft:leather_chestplate":1,"byg:palm_crafting_table":2,"minecraft:brown_mushroom":128,"forbidden_arcanus:cherry_sapling":9,"minecraft:gold_block":9,"undead_unleashed:grave_metal_chestplate":2,"minecraft:chainmail_chestplate":1,"minecraft:lapis_lazuli":1,"minecraft:wither_skeleton_skull":1,"cisco_mod:adventurer_boots":1,"minecraft:wooden_sword":2,"minecraft:string":3,"minecraft:red_bed":2,"minecraft:white_banner":1,"forbidden_arcanus:thin_cherry_log":17,"skilltree:wisdom_scroll":2,"minecraft:experience_bottle":1,"minecraft:bone":2,"minecraft:spruce_planks":2,"minecraft:beef":3,"minecraft:cooked_chicken":1,"immersive_armors:wooden_leggings":1,"minecraft:spruce_slab":1,"forbidden_arcanus:cherry_log":1,"minecraft:emerald_block":5,"apotheosis:rare_material":5,"ecologics:coconut_slice":2,"minecraft:bowl":9,"minecraft:fire_charge":1,"minecraft:porkchop":5,"undead_unleashed:grave_metal_scrap":3,"irons_spellbooks:evoker_spell_book":1,"minecraft:leather_helmet":1,"minecraft:dark_oak_planks":2,"minecraft:arrow":17,"minecraft:rotten_flesh":4,"cisco_mod:adventurer_leggings":1,"minecraft:chainmail_leggings":1,"minecraft:crossbow":2,"minecraft:gold_ingot":1,"minecraft:totem_of_undying":1,"minecraft:golden_apple":20,"undead_unleashed:grave_metal_axe":1,"forbidden_arcanus:cherry_peach":2,"minecraft:emerald":6,"byg:palm_log":8,"minecraft:dark_oak_fence":3}},"DataVersion":3120}