{"stats":{"minecraft:used":{"farmersdelight:diamond_knife":24,"minecraft:spruce_planks":2,"minecraft:shield":10,"minecraft:iron_sword":128,"forbidden_arcanus:cherry_peach":2,"byg:palm_crafting_table":3,"minecraft:spyglass":1,"undead_unleashed:grave_metal_axe":2,"minecraft:wooden_axe":22,"immersive_armors:wooden_chestplate":1,"immersive_armors:wooden_helmet":1,"minecraft:golden_apple":2,"minecraft:crafting_table":1,"minecraft:red_bed":2,"minecraft:crossbow":3,"farmersdelight:bacon_and_eggs":7,"farmersdelight:ratatouille":3,"minecraft:iron_pickaxe":22,"ecologics:coconut_slice":2,"immersive_armors:wooden_boots":1,"minecraft:fire_charge":1,"minecraft:wooden_sword":52,"minecraft:cobblestone":2,"immersive_armors:wooden_leggings":1,"minecraft:candle":1},"minecraft:crafted":{"minecraft:wooden_sword":1,"byg:palm_crafting_table":1,"minecraft:emerald":45,"minecraft:crafting_table":1,"minecraft:wooden_pickaxe":1,"minecraft:iron_sword":1,"byg:palm_planks":32,"forbidden_arcanus:cherry_planks":38,"cisco_mod:adventurer_chestplate":1,"minecraft:iron_chestplate":1,"minecraft:shield":1,"minecraft:stick":12,"minecraft:wooden_axe":1,"minecraft:gold_ingot":81},"minecraft:mined":{"minecraft:dark_oak_planks":2,"minecraft:spruce_planks":2,"minecraft:candle":1,"byg:palm_crafting_table":2,"minecraft:dark_oak_fence":1,"minecraft:grass_block":3,"forbidden_arcanus:thin_cherry_log":17,"minecraft:fire":1,"forbidden_arcanus:cherry_leaves":1,"minecraft:gold_block":9,"minecraft:cobblestone_slab":1,"minecraft:spruce_slab":1,"minecraft:red_bed":3,"minecraft:cobblestone":2,"byg:palm_log":8,"minecraft:birch_leaves":1,"minecraft:grass":1,"forbidden_arcanus:cherry_log":1,"structure_gel:dynamic_spawner":2,"minecraft:cobweb":8,"minecraft:cracked_stone_bricks":1,"minecraft:stone_bricks":1,"minecraft:mossy_stone_bricks":1,"minecraft:oak_leaves":12,"minecraft:emerald_block":5},"minecraft:custom":{"minecraft:interact_with_smithing_table":1,"enigmaticlegacy:play_time_with_seven_curses":0,"lootr:looted_stat":37,"minecraft:inspect_dropper":9,"minecraft:mob_kills":74,"minecraft:interact_with_crafting_table":8,"minecraft:open_barrel":7,"minecraft:damage_dealt_resisted":700,"minecraft:time_since_death":75472,"minecraft:climb_one_cm":5762,"minecraft:damage_resisted":0,"minecraft:sprint_one_cm":208667,"minecraft:walk_one_cm":217598,"minecraft:damage_blocked_by_shield":187,"minecraft:drop":53,"minecraft:talked_to_villager":2,"minecraft:play_time":75472,"minecraft:sneak_time":1359,"minecraft:walk_under_water_one_cm":10129,"minecraft:jump":1411,"minecraft:walk_on_water_one_cm":14746,"minecraft:total_world_time":75472,"enigmaticlegacy:play_time_without_seven_curses":75472,"minecraft:interact_with_cartography_table":1,"minecraft:sleep_in_bed":2,"minecraft:time_since_rest":41024,"minecraft:damage_taken":1540,"minecraft:damage_absorbed":46,"minecraft:damage_dealt":26840,"minecraft:swim_one_cm":49203,"minecraft:fly_one_cm":202546,"minecraft:player_kills":1,"minecraft:open_chest":3,"minecraft:crouch_one_cm":3348,"minecraft:interact_with_smoker":2,"minecraft:fall_one_cm":33828,"minecraft:inspect_dispenser":9},"minecraft:killed":{"minecraft:evoker":1,"minecraft:vex":1,"minecraft:spider":7,"minecraft:vindicator":2,"humancompanions:arbalist":1,"minecraft:skeleton":5,"alexsmobs:leafcutter_ant":1,"minecraft:drowned":2,"cataclysm:lionfish":1,"cataclysm:deepling_angler":1,"minecraft:pig":6,"minecraft:creeper":1,"minecraft:pillager":16,"minecraft:zombie":14,"minecraft:mooshroom":1,"enemyexpansion:botfly":10,"undead_unleashed:haunter":1},"minecraft:picked_up":{"byg:palm_crafting_table":2,"minecraft:wheat":3,"minecraft:brown_mushroom":128,"minecraft:gold_block":9,"undead_unleashed:grave_metal_chestplate":2,"minecraft:red_bed":2,"minecraft:string":3,"apotheosis:epic_material":2,"forbidden_arcanus:thin_cherry_log":17,"skilltree:wisdom_scroll":2,"minecraft:wooden_sword":2,"minecraft:experience_bottle":2,"minecraft:candle":1,"minecraft:spruce_planks":2,"minecraft:beef":3,"immersive_armors:wooden_leggings":1,"minecraft:spruce_slab":1,"apotheosis:rare_material":5,"apotheosis:gem":1,"ecologics:coconut_slice":2,"minecraft:bowl":11,"minecraft:fire_charge":1,"minecraft:porkchop":5,"minecraft:dark_oak_planks":2,"minecraft:rotten_flesh":5,"minecraft:arrow":20,"cisco_mod:adventurer_leggings":1,"forbidden_arcanus:cherry_peach":2,"minecraft:gold_ingot":1,"minecraft:totem_of_undying":1,"byg:palm_log":8,"minecraft:cobblestone":2,"minecraft:leather_chestplate":2,"forbidden_arcanus:cherry_sapling":9,"minecraft:chainmail_chestplate":1,"minecraft:wither_skeleton_skull":1,"cisco_mod:adventurer_boots":1,"minecraft:lapis_lazuli":1,"minecraft:white_banner":1,"minecraft:bone":3,"minecraft:cooked_chicken":1,"forbidden_arcanus:cherry_log":1,"minecraft:iron_sword":1,"minecraft:emerald_block":5,"undead_unleashed:grave_metal_scrap":6,"irons_spellbooks:evoker_spell_book":1,"minecraft:leather_helmet":1,"minecraft:chainmail_leggings":1,"minecraft:crossbow":2,"minecraft:golden_apple":20,"undead_unleashed:grave_metal_axe":2,"minecraft:emerald":6,"minecraft:dark_oak_fence":3},"minecraft:dropped":{"minecraft:iron_ingot":2,"minecraft:iron_sword":2,"undead_unleashed:grave_metal_chestplate":1,"minecraft:lapis_lazuli":2,"minecraft:crossbow":1,"minecraft:lantern":1,"undead_unleashed:grave_metal_scrap":6,"minecraft:leather_helmet":1,"minecraft:stick":2,"minecraft:emerald":2,"minecraft:dark_oak_fence":2,"immersive_armors:wooden_leggings":1,"forbidden_arcanus:cherry_planks":24,"minecraft:fire_charge":1,"minecraft:wooden_sword":2,"minecraft:white_banner":1,"minecraft:iron_axe":1,"immersive_armors:wooden_chestplate":1,"minecraft:chainmail_leggings":1,"minecraft:string":2,"minecraft:gold_ingot":3,"minecraft:bone":1,"minecraft:redstone":1,"minecraft:cooked_chicken":1,"minecraft:bowl":14,"minecraft:wheat":3,"immersive_armors:wooden_boots":1,"minecraft:rotten_flesh":1,"enigmaticlegacy:cursed_ring":1,"minecraft:chainmail_chestplate":1,"minecraft:filled_map":1,"minecraft:leather_chestplate":1,"undead_unleashed:grave_metal_axe":1,"minecraft:spruce_slab":1,"minecraft:arrow":18,"minecraft:wooden_pickaxe":1,"immersive_armors:wooden_helmet":1}},"DataVersion":3120}