{"stats":{"minecraft:killed_by":{"minecraft:piglin_brute":1,"ars_nouveau:wilden_hunter":1,"alexsmobs:grizzly_bear":1,"minecraft:witch":1,"minecraft:player":3,"minecraft:skeleton":1},"minecraft:broken":{"aether:golden_gloves":1,"aether:iron_gloves":2,"minecraft:shield":4,"minecraft:iron_pickaxe":2,"simplyswords:iron_katana":1,"aether:chainmail_gloves":2},"minecraft:killed":{"minecraft:cave_spider":18,"enemyexpansion:equestrian":6,"alexsmobs:murmur":1,"minecraft:skeleton":122,"alexsmobs:leafcutter_ant":1,"alexsmobs:centipede_head":1,"enemyexpansion:vampflyer":2,"enemyexpansion:tarantula":4,"minecraft:iron_golem":1,"mutantmonsters:mutant_skeleton":1,"undead_unleashed:frenzied_knight":1,"ars_nouveau:dummy":1,"minecraft:pillager":43,"enemyexpansion:meature":8,"minecraft:zombie":142,"enemyexpansion:botfly":32,"whisperwoods:moth":1,"minecraft:cow":10,"mowziesmobs:naga":1,"enemyexpansion:trollenraged":1,"minecraft:evoker":1,"alexsmobs:raccoon":1,"minecraft:vindicator":8,"quark:toretoise":2,"alexsmobs:murmur_head":1,"iter_rpg:hobgoblin":1,"cataclysm:deepling_angler":1,"minecraft:husk":10,"enemyexpansion:sprinter":5,"majruszsdifficulty:cursed_armor":29,"whisperwoods:zotzpyre":4,"iter_rpg:goblin_warrior":5,"minecraft:enderman":2,"iter_rpg:goblin":4,"minecraft:witch":5,"minecraft:spider":53,"humancompanions:arbalist":1,"quark:forgotten":1,"minecraft:silverfish":6,"ars_nouveau:summon_horse":1,"irons_spellbooks:summoned_skeleton":6,"minecraft:piglin_brute":12,"minecraft:piglin":8,"minecraft:pig":13,"alexsmobs:grizzly_bear":1,"irons_spellbooks:necromancer":4,"minecraft:creeper":37,"minecraft:sheep":1,"undead_unleashed:shadewraith":3,"minecraft:mooshroom":1,"minecraft:stray":7,"undead_unleashed:haunter":15,"mowziesmobs:umvuthana_raptor":1,"minecraft:vex":7,"irons_spellbooks:summoned_zombie":8,"enemyexpansion:direwolf":13,"ars_nouveau:summon_wolf":20,"minecraft:drowned":6,"cataclysm:lionfish":1,"enemyexpansion:goblin":19,"whisperwoods:hidebehind":1,"minecraft:bat":1,"mowziesmobs:umvuthana_follower_raptor":5,"enemyexpansion:crawler":5,"alexsmobs:cockroach":1,"sons_of_sins:betrayed_guzzler":1,"enemyexpansion:huntsman":10,"iter_rpg:scallop":3,"ars_nouveau:wilden_hunter":5,"minecraft:villager":1,"enemyexpansion:slugger":2},"minecraft:custom":{"minecraft:interact_with_crafting_table":60,"minecraft:open_barrel":8,"goblintraders:trade_with_goblin":7,"minecraft:bell_ring":2,"minecraft:leave_game":9,"minecraft:time_since_death":87463,"minecraft:damage_blocked_by_shield":2253,"minecraft:play_time":757362,"minecraft:deaths":9,"minecraft:jump":12009,"minecraft:enchant_item":3,"minecraft:interact_with_furnace":31,"minecraft:interact_with_cartography_table":1,"minecraft:sleep_in_bed":21,"minecraft:waystone_activated":6,"minecraft:damage_dealt":558086,"minecraft:interact_with_smoker":21,"minecraft:horse_one_cm":4280,"minecraft:inspect_dispenser":9,"minecraft:interact_with_smithing_table":8,"minecraft:inspect_dropper":9,"minecraft:interact_with_anvil":12,"minecraft:damage_dealt_absorbed":320,"minecraft:sneak_time":47809,"minecraft:interact_with_lectern":1,"minecraft:total_world_time":757362,"enigmaticlegacy:play_time_without_seven_curses":756822,"minecraft:interact_with_stonecutter":1,"minecraft:time_since_rest":67607,"minecraft:swim_one_cm":184972,"minecraft:fly_one_cm":1688226,"minecraft:open_chest":403,"minecraft:fall_one_cm":224426,"enigmaticlegacy:play_time_with_seven_curses":0,"lootr:looted_stat":199,"minecraft:damage_resisted":175,"minecraft:sprint_one_cm":1552569,"minecraft:drop":446,"minecraft:talked_to_villager":14,"minecraft:interact_with_brewingstand":6,"minecraft:walk_on_water_one_cm":195250,"minecraft:interact_with_loom":1,"minecraft:player_kills":12,"minecraft:crouch_one_cm":157078,"minecraft:mob_kills":774,"minecraft:damage_dealt_resisted":6662,"minecraft:climb_one_cm":34648,"minecraft:walk_one_cm":2239120,"minecraft:walk_under_water_one_cm":89549,"minecraft:boat_one_cm":98274,"minecraft:interact_with_grindstone":6,"minecraft:damage_absorbed":1555,"minecraft:damage_taken":27325},"minecraft:crafted":{"minecraft:birch_boat":1,"minecraft:cooked_mutton":6,"byg:palm_crafting_table":1,"minecraft:emerald":45,"farmersdelight:beef_patty":10,"cisco_mod:adventurer_chestplate":1,"minecraft:wooden_hoe":2,"minecraft:iron_block":3,"woodworks:dark_oak_chest":3,"minecraft:gold_ingot":114,"minecraft:netherite_ingot":2,"minecraft:bone_meal":126,"woodworks:spruce_chest":3,"minecraft:dark_oak_planks":128,"minecraft:wheat":27,"woodworks:birch_chest":5,"farmersdelight:cooked_mutton_chops":6,"minecraft:enchanting_table":1,"forbidden_arcanus:cherry_planks":38,"minecraft:golden_apple":7,"minecraft:wooden_axe":1,"ars_nouveau:archwood_planks":24,"simplyswords:iron_katana":1,"minecraft:stone":11,"sophisticatedbackpacks:backpack":2,"minecraft:crafting_table":1,"minecraft:spruce_planks":56,"minecraft:wooden_pickaxe":1,"minecraft:baked_potato":32,"minecraft:birch_planks":132,"byg:palm_planks":32,"minecraft:iron_chestplate":1,"minecraft:diamond_pickaxe":1,"minecraft:shield":2,"minecraft:stick":36,"minecraft:iron_ingot":18,"ars_nouveau:scribes_table":1,"minecraft:wooden_sword":1,"ars_nouveau:archwood_slab":6,"minecraft:iron_axe":1,"minecraft:netherite_scrap":3,"woodworks:birch_bookshelf":6,"minecraft:iron_sword":2,"minecraft:bread":9,"minecraft:air":0,"minecraft:gold_nugget":9,"minecraft:anvil":1,"minecraft:torch":52},"minecraft:dropped":{"farmersdelight:iron_knife":1,"minecraft:iron_sword":10,"ars_nouveau:novice_spell_book":1,"minecraft:porkchop":6,"undead_unleashed:grave_metal_chestplate":1,"minecraft:lapis_lazuli":2,"minecraft:diamond":2,"minecraft:glass_bottle":3,"minecraft:crossbow":2,"minecraft:cracked_stone_bricks":1,"undead_unleashed:grave_metal_scrap":47,"minecraft:leather_helmet":1,"farmersdelight:beef_patty":3,"minecraft:red_mushroom":2,"minecraft:emerald":2,"minecraft:item_frame":1,"twigs:pebble":3,"minecraft:dirt":106,"minecraft:birch_fence":1,"minecraft:dark_oak_fence":2,"irons_spellbooks:epic_ink":1,"irons_spellbooks:arcane_essence":37,"minecraft:writable_book":1,"minecraft:gold_nugget":7,"minecraft:wooden_sword":2,"minecraft:iron_pickaxe":1,"minecraft:bone":23,"minecraft:iron_nugget":17,"minecraft:cooked_chicken":1,"simplyswords:iron_katana":3,"minecraft:cobbled_deepslate":17,"minecraft:wheat":19,"minecraft:birch_sapling":10,"immersive_armors:wooden_boots":1,"minecraft:rotten_flesh":69,"ars_nouveau:archwood_slab":3,"minecraft:chiseled_deepslate":1,"undead_unleashed:grave_metal_axe":4,"apotheosis:gem":5,"farmersdelight:rope":13,"iter_rpg:seashell":1,"minecraft:leather_leggings":1,"minecraft:spruce_slab":1,"minecraft:beef":8,"minecraft:stone_brick_stairs":11,"enigmaticlegacy:enigmatic_amulet":2,"majruszsaccessories:lucky_rock":2,"minecraft:enchanted_book":2,"minecraft:iron_ingot":31,"minecraft:wheat_seeds":50,"ars_nouveau:pierce_arrow":58,"minecraft:deepslate_brick_wall":1,"woodworks:birch_chest":2,"minecraft:cobblestone":32,"minecraft:book":19,"forbidden_arcanus:xpetrified_orb":1,"minecraft:apple":28,"cisco_mod:adventurer_chestplate":1,"enigmaticlegacy:magnet_ring":2,"minecraft:chainmail_helmet":1,"minecraft:coal":48,"minecraft:golden_apple":18,"minecraft:polished_andesite":2,"galosphere:raw_silver":1,"minecraft:wooden_hoe":1,"delightful:acorn":3,"minecraft:white_banner":1,"minecraft:chainmail_leggings":1,"minecraft:string":42,"minecraft:spruce_sapling":8,"ars_nouveau:caster_tome":1,"twigs:rhyolite":1,"forbidden_arcanus:carved_edelwood_log":1,"irons_spellbooks:copper_spell_book":2,"cisco_mod:adventurer_boots":1,"minecraft:bowl":31,"minecraft:stone_shovel":1,"minecraft:experience_bottle":1,"minecraft:white_carpet":1,"minecraft:iron_boots":3,"sophisticatedbackpacks:backpack":2,"vinery:white_grape":2,"minecraft:diamond_sword":1,"supplementaries:quiver":1,"minecraft:sea_pickle":1,"alexsmobs:cockroach_wing_fragment":1,"minecraft:spruce_trapdoor":4,"minecraft:spruce_planks":2,"minecraft:diamond_pickaxe":1,"minecraft:redstone_torch":1,"minecraft:stone_bricks":16,"minecraft:spider_eye":1,"minecraft:bow":2,"ars_elemental:fire_caster_tome":2,"delightful:animal_fat":1,"farmersdelight:diamond_knife":1,"apotheosis:gem_dust":3,"cisco_mod:adventurer_helmet":1,"minecraft:moss_block":2,"minecraft:brown_mushroom":4,"minecraft:birch_planks":23,"minecraft:oak_log":3,"minecraft:baked_potato":31,"minecraft:dark_oak_sapling":1,"darkerdepths:shale":7,"minecraft:lantern":2,"minecraft:leather":9,"cisco_mod:adventurer_leggings":1,"minecraft:dark_oak_log":32,"minecraft:netherite_scrap":2,"immersive_armors:wooden_leggings":1,"immersive_armors:wooden_chestplate":2,"minecraft:birch_log":60,"twigs:twig":27,"minecraft:gold_ingot":3,"minecraft:gravel":4,"ars_nouveau:wilden_spike":1,"simplyswords:iron_twinblade":1,"minecraft:soul_lantern":1,"aether:leather_gloves":1,"enigmaticlegacy:tattered_tome":1,"iter_rpg:spawner_fragment":2,"simplyswords:netherite_katana":3,"minecraft:carrot":3,"minecraft:chainmail_chestplate":1,"iter_rpg:abyssquartz_shard":1,"minecraft:chiseled_stone_bricks":1,"minecraft:leather_chestplate":9,"supplementaries:ash":9,"minecraft:turtle_helmet":1,"forbidden_arcanus:splash_aureal_bottle":2,"minecraft:gunpowder":9,"minecraft:stone_brick_wall":1,"minecraft:birch_door":1,"minecraft:blackstone_slab":1,"minecraft:arrow":136,"farmersdelight:ratatouille":16,"relics:magma_walker":2,"immersive_armors:wither_helmet":2,"minecraft:water_bucket":1,"minecraft:mossy_cobblestone":3,"majruszsaccessories:adventurer_kit":1,"minecraft:copper_ingot":2,"minecraft:spruce_stairs":1,"minecraft:stick":5,"irons_spellbooks:scroll":13,"minecraft:diorite":9,"forbidden_arcanus:cherry_planks":24,"forbidden_arcanus:spawner_scrap":5,"minecraft:zombie_head":1,"minecraft:fire_charge":48,"irons_spellbooks:common_ink":1,"minecraft:iron_axe":3,"irons_spellbooks:frozen_bone":8,"minecraft:redstone":14,"minecraft:polished_diorite":2,"alexsmobs:maggot":3,"minecraft:raw_copper":14,"minecraft:raw_iron":12,"byg:tall_allium":2,"enigmaticlegacy:iron_ring":2,"undead_unleashed:grave_metal_boots":1,"enigmaticlegacy:cursed_ring":1,"minecraft:deepslate_bricks":4,"minecraft:filled_map":1,"minecraft:shield":6,"minecraft:iron_chestplate":1,"apotheosis:rare_material":5,"minecraft:mossy_stone_bricks":4,"minecraft:golden_leggings":1,"minecraft:oak_sapling":4,"simplyswords:iron_longsword":1,"minecraft:spruce_log":1,"minecraft:wooden_pickaxe":1,"minecraft:calcite":2,"immersive_armors:wooden_helmet":1},"minecraft:mined":{"minecraft:dark_oak_planks":3,"minecraft:jungle_leaves":1,"minecraft:obsidian":6,"minecraft:potted_dead_bush":2,"minecraft:granite":31,"minecraft:deepslate_bricks":12,"minecraft:deepslate_tile_stairs":1,"minecraft:chiseled_stone_bricks":2,"minecraft:spawner":32,"forbidden_arcanus:thin_cherry_log":17,"minecraft:fire":2,"minecraft:cobbled_deepslate":1,"minecraft:deepslate_lapis_ore":10,"forbidden_arcanus:cherry_leaves":1,"minecraft:sculk_shrieker":1,"minecraft:polished_deepslate_slab":1,"minecraft:player_head":2,"quark:red_corundum_cluster":2,"minecraft:soul_wall_torch":3,"minecraft:red_bed":6,"minecraft:deepslate_brick_wall":1,"minecraft:smoker":1,"minecraft:torch":7,"minecraft:melon":2,"minecraft:bricks":2,"byg:soapstone":7,"forbidden_arcanus:darkstone":3,"minecraft:jukebox":1,"celestisynth:lunar_stone":45,"minecraft:stone_brick_stairs":2,"minecraft:grass":6,"forbidden_arcanus:cherry_log":1,"delightful:mini_melon":1,"minecraft:smooth_basalt":2,"twigs:rhyolite":17,"minecraft:deepslate":366,"quark:red_corundum":5,"minecraft:deepslate_tiles":6,"minecraft:mossy_cobblestone":7,"minecraft:sea_lantern":18,"minecraft:dark_oak_fence":3,"minecraft:redstone_ore":3,"forbidden_arcanus:deepslate_arcane_crystal_ore":10,"minecraft:andesite":14,"minecraft:mossy_stone_brick_stairs":1,"minecraft:potatoes":42,"minecraft:cobblestone_slab":1,"minecraft:vine":7,"irons_spellbooks:inscription_table":1,"forbidden_arcanus:carved_edelwood_log":1,"minecraft:bone_block":14,"minecraft:oak_slab":1,"galosphere:deepslate_silver_ore":4,"minecraft:cornflower":2,"iter_rpg:vase":1,"minecraft:deepslate_gold_ore":17,"minecraft:cracked_deepslate_bricks":6,"minecraft:diorite":41,"minecraft:cobblestone_wall":1,"minecraft:spruce_log":17,"minecraft:birch_leaves":10,"minecraft:gravel":3,"minecraft:cobweb":41,"minecraft:stone_bricks":21,"minecraft:chipped_anvil":1,"minecraft:gold_ore":1,"minecraft:fern":3,"minecraft:spruce_planks":4,"minecraft:grass_block":16,"twigs:twig":1,"ars_nouveau:bastion_pod":5,"minecraft:polished_diorite":1,"minecraft:iron_ore":23,"darkerdepths:shale":13,"minecraft:iron_bars":10,"minecraft:spruce_slab":1,"atmospheric:arid_sandstone":17,"minecraft:polished_deepslate_stairs":7,"minecraft:soul_lantern":1,"minecraft:calcite":2,"minecraft:mushroom_stem":5,"minecraft:cobblestone":40,"minecraft:birch_wood":1,"ars_nouveau:scribes_table":5,"minecraft:oak_planks":1,"minecraft:wall_torch":11,"byg:palm_log":8,"minecraft:birch_log":33,"minecraft:dirt":14,"structure_gel:dynamic_spawner":8,"minecraft:ancient_debris":1,"minecraft:oak_leaves":79,"minecraft:emerald_block":5,"minecraft:crying_obsidian":1,"minecraft:tuff":3,"minecraft:deepslate_diamond_ore":16,"minecraft:candle":1,"minecraft:oak_door":1,"byg:palm_crafting_table":2,"minecraft:dark_oak_pressure_plate":1,"minecraft:brown_mushroom_block":1,"minecraft:spruce_leaves":7,"iter_rpg:big_vase":1,"minecraft:hay_block":3,"minecraft:deepslate_brick_slab":1,"minecraft:furnace":3,"iter_rpg:small_vase":3,"minecraft:raw_gold_block":5,"minecraft:chiseled_deepslate":8,"minecraft:gold_block":20,"minecraft:polished_deepslate":2,"minecraft:bookshelf":4,"minecraft:deepslate_iron_ore":6,"minecraft:stone":229,"sophisticatedbackpacks:backpack":2,"ars_nouveau:purple_archwood_log":8,"minecraft:stripped_dark_oak_log":1,"minecraft:soul_torch":1,"minecraft:polished_granite":2,"minecraft:blackstone_slab":1,"minecraft:rose_bush":1,"minecraft:sculk_sensor":3,"minecraft:lapis_ore":10,"minecraft:sculk":2,"supplementaries:urn":15,"minecraft:spruce_stairs":2,"minecraft:gray_wool":1,"forbidden_arcanus:edelwood_log":2,"forbidden_arcanus:xpetrified_ore":8,"minecraft:redstone_torch":1,"iter_rpg:abyss_quartz":1,"minecraft:coal_ore":56,"minecraft:lodestone":1,"minecraft:cracked_stone_bricks":10,"forbidden_arcanus:gilded_darkstone":1,"minecraft:polished_andesite":12,"minecraft:mossy_stone_bricks":7,"forbidden_arcanus:runic_deepslate":4,"minecraft:birch_fence":1},"minecraft:picked_up":{"minecraft:birch_door":2,"minecraft:iron_chestplate":2,"vinery:red_grape":3,"undead_unleashed:cursed_cloth":2,"irons_spellbooks:affinity_ring":1,"minecraft:diamond_sword":4,"minecraft:enchanted_book":8,"simplyswords:iron_rapier":1,"forbidden_arcanus:xpetrified_orb":8,"minecraft:music_disc_cat":1,"minecraft:string":73,"apotheosis:epic_material":12,"darkerdepths:shale":9,"minecraft:beetroot":5,"minecraft:cobbled_deepslate":364,"bosses_of_mass_destruction:soul_star":5,"minecraft:spruce_planks":4,"celestisynth:lunar_stone":43,"undead_unleashed:grave_metal_sword":3,"minecraft:melon_slice":11,"farmersdelight:ratatouille":3,"ecologics:crab_claw":1,"minecraft:golden_helmet":1,"apotheosis:rare_material":20,"minecraft:jukebox":1,"minecraft:stone_sword":2,"forbidden_arcanus:splash_aureal_bottle":4,"aether:chainmail_gloves":2,"farmersdelight:rope":13,"iter_rpg:gobsteel_scrap":3,"forbidden_arcanus:cherry_peach":2,"supplementaries:ash":25,"supplementaries:quiver":2,"minecraft:iron_bars":6,"minecraft:birch_log":149,"majruszsaccessories:tool_scraps":1,"woodworks:birch_chest":4,"minecraft:feather":4,"minecraft:water_bucket":3,"ars_nouveau:source_berry":26,"minecraft:smoker":1,"ars_nouveau:scribes_table":5,"minecraft:lantern":2,"minecraft:chipped_anvil":1,"forbidden_arcanus:rune":5,"cisco_mod:amuletof_vitality":1,"apotheosis:mythic_material":1,"galosphere:raw_silver":4,"minecraft:moss_block":2,"enigmaticlegacy:iron_ring":2,"minecraft:dark_oak_log":218,"ars_nouveau:wilden_horn":3,"alexsmobs:animal_dictionary":1,"minecraft:iron_hoe":1,"minecraft:polished_andesite":9,"minecraft:chainmail_helmet":2,"minecraft:bread":37,"alexsmobs:maggot":3,"twigs:rhyolite":17,"minecraft:bricks":2,"minecraft:dark_oak_fence":4,"minecraft:diamond_pickaxe":1,"minecraft:coarse_dirt":3,"minecraft:leather_leggings":2,"ars_nouveau:archwood_slab":6,"immersive_armors:wither_helmet":1,"minecraft:red_bed":5,"minecraft:netherite_scrap":3,"minecraft:white_carpet":2,"minecraft:compass":1,"cisco_mod:adventurer_chestplate":2,"minecraft:cracked_stone_bricks":4,"iter_rpg:coin":4,"minecraft:beef":11,"immersive_armors:wooden_leggings":1,"minecraft:poppy":1,"minecraft:spruce_slab":1,"minecraft:birch_sapling":26,"minecraft:egg":1,"ars_nouveau:fire_essence":1,"relics:magma_walker":1,"ars_nouveau:purple_archwood_log":8,"minecraft:raw_gold_block":5,"sophisticatedbackpacks:backpack":5,"minecraft:fire_charge":24,"minecraft:carrot":6,"majruszsaccessories:adventurer_kit":2,"minecraft:redstone":15,"minecraft:netherite_pickaxe":4,"minecraft:prismarine_crystals":39,"minecraft:stone_shovel":1,"minecraft:beetroot_seeds":10,"minecraft:deepslate_bricks":9,"minecraft:hay_block":3,"majruszsdifficulty:soul_jar":1,"minecraft:cracked_deepslate_bricks":4,"minecraft:gold_ingot":11,"minecraft:totem_of_undying":2,"byg:palm_log":8,"cisco_mod:champion_coin":24,"minecraft:bone_block":27,"simplyswords:iron_katana":11,"forbidden_arcanus:cherry_sapling":9,"minecraft:blackstone_slab":1,"majruszsdifficulty:tattered_helmet":1,"minecraft:red_mushroom":2,"minecraft:ancient_debris":1,"ars_elemental:anima_essence":1,"minecraft:white_banner":1,"mowziesmobs:umvuthana_mask_rage":1,"minecraft:apple":56,"minecraft:stone_bricks":30,"alexsmobs:cockroach_wing_fragment":1,"undead_unleashed:grave_metal_boots":2,"minecraft:glass_bottle":2,"apotheosis:gem_dust":14,"minecraft:iron_sword":18,"forbidden_arcanus:darkstone":3,"minecraft:spyglass":2,"minecraft:gravel":2,"enigmaticlegacy:enigmatic_amulet":2,"minecraft:spruce_sapling":8,"irons_spellbooks:evoker_spell_book":3,"minecraft:spruce_log":16,"minecraft:crying_obsidian":1,"minecraft:leather_helmet":6,"forbidden_arcanus:arcane_crystal":9,"minecraft:polished_diorite":2,"mowziesmobs:umvuthana_mask_fear":1,"minecraft:baked_potato":53,"minecraft:stripped_dark_oak_log":1,"minecraft:ender_pearl":1,"enigmaticlegacy:magnet_ring":1,"ars_nouveau:caster_tome":1,"irons_spellbooks:scroll":12,"minecraft:chiseled_deepslate":8,"minecraft:wheat":27,"minecraft:potion":4,"undead_unleashed:grave_metal_chestplate":2,"minecraft:stone_brick_stairs":12,"minecraft:raw_copper":14,"minecraft:iron_leggings":1,"minecraft:experience_bottle":19,"minecraft:zombie_head":3,"forbidden_arcanus:carved_edelwood_log":1,"minecraft:sea_pickle":1,"irons_spellbooks:arcane_essence":39,"minecraft:deepslate_tiles":4,"twigs:pebble":6,"delightful:acorn":4,"minecraft:redstone_torch":5,"minecraft:calcite":2,"minecraft:iron_pickaxe":4,"irons_spellbooks:inscription_table":1,"minecraft:iron_boots":4,"minecraft:furnace":3,"minecraft:tipped_arrow":1,"minecraft:stick":2,"apotheosis:gem":43,"minecraft:deepslate_brick_wall":1,"minecraft:polished_deepslate_stairs":7,"minecraft:torch":29,"minecraft:spruce_stairs":1,"minecraft:porkchop":20,"minecraft:diorite":9,"enemyexpansion:meathead_helmet":1,"majruszsaccessories:dream_catcher":1,"quark:ancient_tome":1,"minecraft:rotten_flesh":105,"cisco_mod:adventurer_leggings":3,"supplementaries:antique_ink":2,"minecraft:obsidian":6,"minecraft:cobblestone":295,"irons_spellbooks:copper_spell_book":1,"minecraft:leather_chestplate":16,"minecraft:andesite":14,"delightful:animal_fat":1,"minecraft:golden_leggings":1,"minecraft:potato":161,"majruszsaccessories:certificate_of_taming":1,"minecraft:tuff":2,"supplementaries:flax_seeds":2,"minecraft:wither_skeleton_skull":2,"minecraft:lapis_lazuli":86,"minecraft:dirt":196,"minecraft:leather_boots":5,"minecraft:bone":134,"farmersdelight:iron_knife":2,"minecraft:bow":3,"minecraft:wheat_seeds":83,"minecraft:deepslate_brick_slab":1,"minecraft:raw_gold":21,"minecraft:birch_wood":1,"cisco_mod:adventurer_helmet":2,"minecraft:mossy_stone_bricks":5,"twigs:twig":81,"minecraft:mossy_stone_brick_stairs":1,"iter_rpg:seashell":1,"irons_spellbooks:frozen_bone":21,"vinery:white_grape":4,"quark:red_corundum":5,"sons_of_sins:flesh_of_demise":1,"minecraft:mossy_cobblestone":4,"forbidden_arcanus:ender_pearl_fragment":1,"simplyswords:iron_twinblade":2,"majruszsaccessories:owl_feather":1,"minecraft:diamond":22,"minecraft:soul_lantern":1,"iter_rpg:abyssquartz_shard":1,"minecraft:crossbow":3,"forbidden_arcanus:edelwood_stick":6,"minecraft:golden_apple":20,"minecraft:spruce_sign":1,"minecraft:emerald":48,"minecraft:oak_sapling":6,"iter_rpg:spawner_fragment":9,"majruszsdifficulty:tattered_boots":1,"byg:palm_crafting_table":2,"minecolonies:scroll_buff":9,"minecraft:turtle_helmet":2,"minecraft:brown_mushroom":132,"minecraft:stone_brick_wall":1,"minecraft:gold_block":17,"minecraft:shield":8,"farmersdelight:diamond_knife":3,"ars_nouveau:archwood_planks":4,"forbidden_arcanus:thin_cherry_log":17,"minecraft:iron_axe":4,"skilltree:wisdom_scroll":5,"minecraft:wooden_sword":2,"minecraft:item_frame":1,"minecraft:birch_fence":1,"minecraft:candle":1,"ars_nouveau:starbuncle_shards":2,"irons_spellbooks:epic_ink":1,"minecraft:player_head":2,"minecraft:sugar_cane":5,"minecraft:spruce_trapdoor":4,"minecraft:dark_oak_sapling":1,"forbidden_arcanus:gilded_darkstone":1,"minecraft:raw_iron":25,"ecologics:coconut_slice":6,"minecraft:copper_ingot":2,"minecraft:bowl":20,"minecraft:trident":2,"minecraft:dark_oak_planks":67,"simplyswords:netherite_katana":6,"minecraft:arrow":231,"majruszsaccessories:lucky_rock":3,"minecraft:glistering_melon_slice":9,"forbidden_arcanus:spawner_scrap":27,"apotheosis:sigil_of_socketing":1,"minecraft:glow_ink_sac":10,"minecraft:salmon":1,"minecraft:leather":8,"minecraft:birch_planks":52,"strictly_origins:damaged_durendal":1,"minecraft:chainmail_chestplate":2,"minecraft:gunpowder":21,"minecraft:cobblestone_wall":1,"cisco_mod:adventurer_boots":3,"quark:forgotten_hat":1,"byg:allium_flower_bush":4,"iter_rpg:potsherd":2,"minecraft:iron_ingot":53,"minecraft:cooked_chicken":1,"iter_rpg:deepslate_geode":1,"forbidden_arcanus:cherry_log":1,"minecraft:book":19,"bakery:strawberry":10,"minecraft:emerald_block":5,"quark:red_corundum_cluster":9,"minecraft:chiseled_stone_bricks":1,"ars_nouveau:novice_spell_book":1,"ars_nouveau:bastion_pod":15,"undead_unleashed:grave_metal_scrap":101,"minecraft:soul_torch":5,"minecraft:spider_eye":11,"immersive_armors:wooden_chestplate":1,"byg:tall_allium":2,"minecraft:chainmail_leggings":3,"minecraft:iron_helmet":1,"undead_unleashed:grave_metal_axe":11,"minecraft:netherite_hoe":1,"minecraft:coal":102},"minecraft:used":{"irons_spellbooks:inscription_table":1,"cisco_mod:adventurer_chestplate":4,"lootr:trophy":1,"undead_unleashed:grave_metal_axe":8,"minecraft:birch_sapling":2,"minecraft:stone_brick_stairs":1,"ars_nouveau:source_berry":17,"minecraft:furnace":2,"minecraft:oak_sapling":1,"minecraft:cooked_cod":15,"minecraft:potato":80,"woodworks:birch_bookshelf":6,"simplyswords:brimstone_claymore":32,"simplyswords:iron_rapier":82,"minecraft:golden_apple":44,"minecraft:glow_berries":7,"minecraft:zombie_head":1,"minecraft:fire_charge":1,"minecraft:wooden_sword":52,"cisco_mod:adventurer_leggings":4,"minecraft:iron_bars":2,"minecraft:enchanting_table":1,"waystones:sandy_waystone":1,"woodworks:spruce_chest":3,"minecraft:torch":70,"minecraft:ancient_debris":1,"minecraft:anvil":2,"simplyswords:iron_katana":586,"farmersdelight:beef_patty":4,"minecraft:chipped_anvil":1,"simplyswords:netherite_katana":136,"minecraft:iron_axe":75,"minecraft:totem_of_undying":1,"minecraft:cobbled_deepslate":246,"minecraft:water_bucket":29,"minecraft:birch_planks":38,"minecraft:deepslate_bricks":5,"minecraft:cracked_stone_bricks":3,"minecraft:mossy_cobblestone":1,"minecraft:crafting_table":3,"minecraft:red_bed":5,"cisco_mod:adventurer_helmet":6,"minecraft:diamond_pickaxe":141,"majruszsdifficulty:undead_army_treasure_bag":1,"minecraft:iron_pickaxe":628,"forbidden_arcanus:aureal_bottle":1,"minecraft:cobblestone":138,"minecraft:potion":2,"immersive_armors:wooden_leggings":1,"minecraft:candle":1,"woodworks:dark_oak_chest":6,"minecraft:bone_block":1,"minecraft:shield":147,"minecraft:iron_sword":1040,"minecraft:creeper_head":1,"forbidden_arcanus:cherry_peach":2,"byg:palm_crafting_table":3,"minecraft:lantern":1,"minecraft:stone_bricks":10,"immersive_armors:wooden_chestplate":1,"woodworks:birch_chest":2,"immersive_armors:wooden_helmet":1,"minecraft:ender_pearl":2,"ars_nouveau:archwood_planks":17,"minecraft:crossbow":7,"waystones:waystone":1,"farmersdelight:ratatouille":5,"sophisticatedbackpacks:backpack":2,"minecraft:bread":59,"quark:red_corundum":1,"ecologics:coconut_slice":2,"minecraft:andesite":14,"minecraft:golden_pickaxe":2,"minecraft:experience_bottle":18,"minecraft:trident":2,"farmersdelight:diamond_knife":76,"minecraft:flint_and_steel":1,"minecraft:cracked_deepslate_bricks":4,"minecraft:spruce_planks":22,"minecraft:dirt":32,"minecraft:spyglass":3,"ars_nouveau:bastion_pod":11,"twigs:rhyolite":13,"minecraft:birch_door":1,"minecraft:wooden_axe":22,"minecraft:bookshelf":5,"minecraft:netherite_pickaxe":563,"farmersdelight:cooked_mutton_chops":1,"minecraft:cooked_mutton":2,"minecraft:polished_andesite":3,"minecraft:baked_potato":54,"minecraft:birch_boat":1,"simplyswords:iron_twinblade":272,"bakery:strawberry":4,"minecraft:smoker":1,"farmersdelight:bacon_and_eggs":29,"minecraft:wooden_hoe":32,"minecraft:apple":41,"twigs:twig":1,"immersive_armors:wooden_boots":1,"cisco_mod:adventurer_boots":5,"minecraft:bucket":29,"twigs:pebble":2,"ars_nouveau:scribes_table":6,"minecraft:soul_torch":7}},"DataVersion":3120}