{"stats":{"minecraft:used":{"farmersdelight:diamond_knife":67,"minecraft:spruce_planks":2,"minecraft:shield":48,"minecraft:iron_sword":483,"byg:palm_crafting_table":3,"forbidden_arcanus:cherry_peach":2,"minecraft:spyglass":1,"minecraft:anvil":1,"undead_unleashed:grave_metal_axe":2,"minecraft:wooden_axe":22,"minecraft:iron_axe":16,"minecraft:stone_bricks":6,"immersive_armors:wooden_chestplate":1,"minecraft:oak_sapling":1,"immersive_armors:wooden_helmet":1,"minecraft:ender_pearl":2,"minecraft:birch_boat":1,"minecraft:golden_apple":21,"minecraft:crafting_table":2,"minecraft:red_bed":2,"minecraft:crossbow":7,"farmersdelight:bacon_and_eggs":20,"farmersdelight:ratatouille":3,"minecraft:iron_pickaxe":76,"ecologics:coconut_slice":2,"immersive_armors:wooden_boots":1,"minecraft:fire_charge":1,"minecraft:wooden_sword":52,"minecraft:cobblestone":3,"immersive_armors:wooden_leggings":1,"minecraft:experience_bottle":10,"minecraft:candle":1},"minecraft:crafted":{"minecraft:wooden_sword":1,"minecraft:birch_boat":1,"minecraft:iron_axe":1,"byg:palm_crafting_table":1,"minecraft:emerald":45,"minecraft:crafting_table":1,"minecraft:spruce_planks":56,"minecraft:wooden_pickaxe":1,"minecraft:iron_sword":1,"minecraft:birch_planks":12,"minecraft:air":0,"byg:palm_planks":32,"forbidden_arcanus:cherry_planks":38,"cisco_mod:adventurer_chestplate":1,"minecraft:iron_chestplate":1,"minecraft:shield":1,"minecraft:stick":16,"minecraft:iron_ingot":2,"minecraft:wooden_axe":1,"minecraft:gold_ingot":81},"minecraft:broken":{"aether:iron_gloves":1,"minecraft:shield":1},"minecraft:mined":{"minecraft:dark_oak_planks":2,"minecraft:spruce_planks":2,"minecraft:candle":1,"byg:palm_crafting_table":2,"minecraft:dark_oak_pressure_plate":1,"minecraft:potted_dead_bush":1,"minecraft:dark_oak_fence":1,"minecraft:grass_block":4,"minecraft:spruce_leaves":1,"minecraft:chiseled_stone_bricks":1,"minecraft:spawner":3,"forbidden_arcanus:thin_cherry_log":17,"minecraft:iron_ore":9,"minecraft:fire":1,"forbidden_arcanus:cherry_leaves":1,"minecraft:gold_block":12,"minecraft:cobblestone_slab":1,"minecraft:spruce_slab":1,"minecraft:red_bed":3,"minecraft:cobblestone":3,"minecraft:birch_wood":1,"minecraft:oak_planks":1,"minecraft:diorite":3,"byg:palm_log":8,"minecraft:birch_log":3,"minecraft:redstone_torch":1,"minecraft:spruce_log":17,"minecraft:birch_leaves":3,"minecraft:stone_brick_stairs":1,"minecraft:grass":1,"forbidden_arcanus:cherry_log":1,"minecraft:cobweb":23,"structure_gel:dynamic_spawner":5,"minecraft:cracked_stone_bricks":5,"minecraft:stone_bricks":11,"minecraft:polished_andesite":3,"minecraft:emerald_block":5,"minecraft:chipped_anvil":1,"minecraft:mossy_stone_bricks":3,"minecraft:birch_fence":1,"minecraft:oak_leaves":37,"minecraft:fern":3},"minecraft:custom":{"minecraft:interact_with_smithing_table":2,"enigmaticlegacy:play_time_with_seven_curses":0,"minecraft:inspect_dropper":9,"lootr:looted_stat":49,"minecraft:interact_with_anvil":1,"minecraft:mob_kills":217,"goblintraders:trade_with_goblin":1,"minecraft:open_barrel":7,"minecraft:interact_with_crafting_table":15,"minecraft:bell_ring":1,"minecraft:damage_dealt_resisted":1451,"minecraft:leave_game":4,"minecraft:time_since_death":157291,"minecraft:climb_one_cm":7800,"minecraft:damage_resisted":0,"minecraft:sprint_one_cm":408850,"minecraft:walk_one_cm":491381,"minecraft:damage_blocked_by_shield":866,"minecraft:drop":124,"minecraft:talked_to_villager":2,"minecraft:play_time":157291,"minecraft:sneak_time":3011,"minecraft:walk_under_water_one_cm":13556,"minecraft:boat_one_cm":98274,"minecraft:interact_with_lectern":1,"minecraft:jump":2983,"minecraft:walk_on_water_one_cm":20773,"minecraft:total_world_time":157291,"enigmaticlegacy:play_time_without_seven_curses":157291,"minecraft:interact_with_cartography_table":1,"minecraft:interact_with_stonecutter":1,"minecraft:interact_with_grindstone":3,"minecraft:sleep_in_bed":4,"minecraft:time_since_rest":10035,"minecraft:waystone_activated":1,"minecraft:damage_taken":6001,"minecraft:damage_absorbed":722,"minecraft:damage_dealt":99068,"minecraft:swim_one_cm":62754,"minecraft:fly_one_cm":432752,"minecraft:player_kills":2,"minecraft:open_chest":5,"minecraft:crouch_one_cm":8332,"minecraft:interact_with_smoker":2,"minecraft:fall_one_cm":74857,"minecraft:inspect_dispenser":9},"minecraft:killed":{"minecraft:evoker":1,"minecraft:vex":7,"alexsmobs:raccoon":1,"enemyexpansion:equestrian":1,"minecraft:spider":26,"minecraft:vindicator":4,"enemyexpansion:direwolf":3,"humancompanions:arbalist":1,"minecraft:skeleton":33,"alexsmobs:leafcutter_ant":1,"cataclysm:lionfish":1,"minecraft:drowned":2,"minecraft:piglin_brute":10,"enemyexpansion:goblin":3,"cataclysm:deepling_angler":1,"whisperwoods:hidebehind":1,"minecraft:piglin":5,"minecraft:husk":2,"minecraft:pig":6,"enemyexpansion:sprinter":1,"minecraft:creeper":3,"minecraft:pillager":21,"enemyexpansion:meature":1,"minecraft:zombie":44,"minecraft:mooshroom":1,"enemyexpansion:botfly":15,"minecraft:stray":3,"undead_unleashed:haunter":3,"minecraft:enderman":1,"minecraft:cow":6,"mowziesmobs:naga":1},"minecraft:picked_up":{"minecraft:wheat":3,"byg:palm_crafting_table":2,"minecraft:turtle_helmet":1,"minecraft:brown_mushroom":128,"minecraft:gold_block":9,"undead_unleashed:grave_metal_chestplate":2,"minecraft:shield":3,"minecraft:red_bed":2,"minecraft:string":14,"apotheosis:epic_material":5,"forbidden_arcanus:thin_cherry_log":17,"skilltree:wisdom_scroll":4,"minecraft:wooden_sword":2,"minecraft:birch_fence":1,"minecraft:experience_bottle":5,"minecraft:candle":1,"bosses_of_mass_destruction:soul_star":1,"minecraft:spruce_planks":2,"delightful:acorn":1,"minecraft:beef":9,"immersive_armors:wooden_leggings":1,"minecraft:redstone_torch":1,"minecraft:spruce_slab":1,"minecraft:iron_boots":3,"minecraft:raw_iron":9,"apotheosis:gem":3,"apotheosis:rare_material":5,"ecologics:coconut_slice":2,"minecraft:bowl":13,"minecraft:fire_charge":24,"minecraft:porkchop":5,"minecraft:trident":1,"minecraft:dark_oak_planks":2,"minecraft:arrow":56,"minecraft:rotten_flesh":9,"cisco_mod:adventurer_leggings":1,"minecraft:gold_ingot":1,"forbidden_arcanus:cherry_peach":2,"minecraft:totem_of_undying":1,"byg:palm_log":8,"forbidden_arcanus:spawner_scrap":2,"minecraft:cobblestone":3,"minecraft:birch_log":3,"minecraft:leather_chestplate":4,"delightful:animal_fat":1,"minecraft:leather":3,"forbidden_arcanus:cherry_sapling":9,"minecraft:chainmail_chestplate":1,"minecraft:wither_skeleton_skull":1,"cisco_mod:adventurer_boots":1,"minecraft:lapis_lazuli":1,"minecraft:dirt":7,"minecraft:white_banner":1,"minecraft:bone":7,"minecraft:chipped_anvil":1,"minecraft:stone_bricks":8,"minecraft:bow":1,"minecraft:birch_wood":1,"minecraft:cooked_chicken":1,"minecraft:iron_ingot":18,"apotheosis:gem_dust":6,"minecraft:iron_sword":6,"forbidden_arcanus:cherry_log":1,"minecraft:emerald_block":5,"irons_spellbooks:frozen_bone":8,"undead_unleashed:grave_metal_scrap":6,"irons_spellbooks:evoker_spell_book":1,"minecraft:spruce_log":16,"minecraft:leather_helmet":1,"majruszsaccessories:owl_feather":1,"minecraft:chainmail_leggings":1,"immersive_armors:wooden_chestplate":1,"minecraft:crossbow":2,"minecraft:golden_apple":20,"undead_unleashed:grave_metal_axe":2,"minecraft:emerald":9,"minecraft:oak_sapling":3,"minecraft:dark_oak_fence":3,"minecraft:coal":33},"minecraft:dropped":{"apotheosis:gem_dust":3,"minecraft:iron_ingot":5,"minecraft:iron_sword":8,"minecraft:birch_planks":11,"undead_unleashed:grave_metal_chestplate":1,"minecraft:lapis_lazuli":2,"minecraft:crossbow":1,"minecraft:lantern":1,"minecraft:leather":3,"undead_unleashed:grave_metal_scrap":6,"minecraft:coal":48,"minecraft:leather_helmet":1,"minecraft:golden_apple":18,"minecraft:emerald":2,"minecraft:stick":2,"minecraft:dirt":7,"minecraft:birch_fence":1,"minecraft:dark_oak_fence":2,"immersive_armors:wooden_leggings":1,"forbidden_arcanus:cherry_planks":24,"forbidden_arcanus:spawner_scrap":2,"minecraft:fire_charge":48,"delightful:acorn":1,"minecraft:wooden_sword":2,"minecraft:white_banner":1,"minecraft:iron_axe":1,"immersive_armors:wooden_chestplate":2,"minecraft:chainmail_leggings":1,"irons_spellbooks:frozen_bone":8,"minecraft:string":13,"minecraft:gold_ingot":3,"minecraft:bone":3,"minecraft:redstone":1,"minecraft:cooked_chicken":1,"minecraft:iron_nugget":17,"minecraft:bowl":20,"minecraft:wheat":3,"immersive_armors:wooden_boots":1,"minecraft:raw_iron":8,"minecraft:rotten_flesh":5,"minecraft:iron_boots":3,"enigmaticlegacy:cursed_ring":1,"minecraft:chainmail_chestplate":1,"minecraft:filled_map":1,"minecraft:leather_chestplate":4,"minecraft:turtle_helmet":1,"minecraft:shield":3,"undead_unleashed:grave_metal_axe":1,"apotheosis:gem":1,"minecraft:oak_sapling":2,"simplyswords:iron_longsword":1,"minecraft:redstone_torch":1,"minecraft:stone_bricks":2,"minecraft:spruce_slab":1,"minecraft:spruce_log":1,"minecraft:arrow":73,"minecraft:bow":1,"minecraft:wooden_pickaxe":1,"minecraft:beef":6,"delightful:animal_fat":1,"farmersdelight:ratatouille":16,"immersive_armors:wooden_helmet":1,"enigmaticlegacy:enigmatic_amulet":1}},"DataVersion":3120}