{"stats":{"minecraft:used":{"cisco_mod:adventurer_chestplate":2,"minecraft:shield":85,"minecraft:iron_sword":797,"forbidden_arcanus:cherry_peach":2,"byg:palm_crafting_table":3,"undead_unleashed:grave_metal_axe":2,"minecraft:birch_sapling":2,"minecraft:stone_bricks":6,"immersive_armors:wooden_chestplate":1,"ars_nouveau:source_berry":17,"woodworks:birch_chest":2,"minecraft:furnace":2,"minecraft:oak_sapling":1,"minecraft:potato":15,"immersive_armors:wooden_helmet":1,"minecraft:ender_pearl":2,"minecraft:golden_apple":39,"ars_nouveau:archwood_planks":17,"minecraft:crossbow":7,"farmersdelight:ratatouille":3,"minecraft:bread":3,"ecologics:coconut_slice":2,"minecraft:fire_charge":1,"minecraft:wooden_sword":52,"minecraft:experience_bottle":11,"cisco_mod:adventurer_leggings":2,"minecraft:trident":2,"farmersdelight:diamond_knife":67,"minecraft:spruce_planks":22,"woodworks:spruce_chest":3,"minecraft:dirt":5,"minecraft:spyglass":1,"minecraft:anvil":2,"minecraft:birch_door":1,"minecraft:wooden_axe":22,"minecraft:chipped_anvil":1,"minecraft:iron_axe":75,"minecraft:birch_boat":1,"minecraft:crafting_table":3,"minecraft:red_bed":3,"bakery:strawberry":2,"minecraft:smoker":1,"farmersdelight:bacon_and_eggs":29,"minecraft:wooden_hoe":32,"cisco_mod:adventurer_helmet":2,"minecraft:iron_pickaxe":95,"immersive_armors:wooden_boots":1,"minecraft:cobblestone":3,"cisco_mod:adventurer_boots":2,"immersive_armors:wooden_leggings":1,"ars_nouveau:scribes_table":5,"minecraft:candle":1},"minecraft:killed_by":{"minecraft:witch":1},"minecraft:crafted":{"ars_nouveau:archwood_planks":24,"minecraft:birch_boat":1,"minecraft:emerald":45,"byg:palm_crafting_table":1,"minecraft:crafting_table":1,"minecraft:spruce_planks":56,"minecraft:wooden_pickaxe":1,"minecraft:birch_planks":132,"farmersdelight:beef_patty":4,"byg:palm_planks":32,"cisco_mod:adventurer_chestplate":1,"minecraft:wooden_hoe":2,"minecraft:iron_chestplate":1,"minecraft:shield":1,"minecraft:stick":24,"minecraft:iron_ingot":2,"minecraft:iron_block":3,"minecraft:gold_ingot":81,"ars_nouveau:scribes_table":1,"minecraft:wooden_sword":1,"woodworks:spruce_chest":3,"ars_nouveau:archwood_slab":6,"minecraft:iron_axe":1,"woodworks:birch_chest":2,"minecraft:iron_sword":1,"minecraft:air":0,"forbidden_arcanus:cherry_planks":38,"minecraft:gold_nugget":9,"minecraft:wooden_axe":1,"minecraft:anvil":1},"minecraft:broken":{"aether:chainmail_gloves":1,"aether:iron_gloves":1,"minecraft:shield":3},"minecraft:mined":{"minecraft:dark_oak_planks":3,"minecraft:spruce_planks":4,"minecraft:jungle_leaves":1,"minecraft:potted_dead_bush":1,"minecraft:grass_block":4,"minecraft:polished_diorite":1,"minecraft:spawner":4,"minecraft:chiseled_stone_bricks":1,"forbidden_arcanus:thin_cherry_log":17,"minecraft:fire":1,"minecraft:iron_ore":9,"forbidden_arcanus:cherry_leaves":1,"minecraft:spruce_slab":1,"minecraft:red_bed":5,"minecraft:deepslate_brick_wall":1,"minecraft:smoker":1,"minecraft:soul_lantern":1,"minecraft:calcite":2,"minecraft:melon":2,"minecraft:cobblestone":3,"minecraft:birch_wood":1,"minecraft:oak_planks":1,"ars_nouveau:scribes_table":4,"byg:palm_log":8,"minecraft:birch_log":33,"minecraft:stone_brick_stairs":1,"minecraft:grass":3,"forbidden_arcanus:cherry_log":1,"structure_gel:dynamic_spawner":5,"minecraft:oak_leaves":43,"minecraft:emerald_block":5,"minecraft:candle":1,"byg:palm_crafting_table":2,"minecraft:dark_oak_pressure_plate":1,"minecraft:dark_oak_fence":3,"minecraft:brown_mushroom_block":1,"minecraft:spruce_leaves":7,"minecraft:furnace":2,"minecraft:gold_block":12,"minecraft:vine":2,"minecraft:cobblestone_slab":1,"minecraft:stone":4,"forbidden_arcanus:carved_edelwood_log":1,"ars_nouveau:purple_archwood_log":8,"minecraft:stripped_dark_oak_log":1,"minecraft:cornflower":2,"minecraft:rose_bush":1,"minecraft:diorite":6,"minecraft:spruce_stairs":2,"forbidden_arcanus:edelwood_log":2,"minecraft:redstone_torch":1,"minecraft:spruce_log":17,"minecraft:birch_leaves":5,"minecraft:cobweb":23,"minecraft:cracked_stone_bricks":5,"minecraft:polished_andesite":3,"minecraft:stone_bricks":11,"minecraft:mossy_stone_bricks":3,"minecraft:chipped_anvil":1,"minecraft:birch_fence":1,"minecraft:fern":3},"minecraft:custom":{"enigmaticlegacy:play_time_with_seven_curses":0,"lootr:looted_stat":94,"minecraft:interact_with_crafting_table":31,"minecraft:open_barrel":7,"goblintraders:trade_with_goblin":1,"minecraft:bell_ring":2,"minecraft:leave_game":4,"minecraft:time_since_death":27848,"minecraft:damage_resisted":0,"minecraft:sprint_one_cm":640554,"minecraft:damage_blocked_by_shield":1341,"minecraft:drop":181,"minecraft:talked_to_villager":9,"minecraft:play_time":253291,"minecraft:deaths":2,"minecraft:jump":4902,"minecraft:walk_on_water_one_cm":44180,"minecraft:interact_with_furnace":6,"minecraft:interact_with_cartography_table":1,"minecraft:interact_with_loom":1,"minecraft:sleep_in_bed":9,"minecraft:waystone_activated":2,"minecraft:damage_dealt":168542,"minecraft:player_kills":3,"minecraft:crouch_one_cm":13428,"minecraft:interact_with_smoker":7,"minecraft:inspect_dispenser":9,"minecraft:interact_with_smithing_table":2,"minecraft:inspect_dropper":9,"minecraft:mob_kills":284,"minecraft:interact_with_anvil":5,"minecraft:damage_dealt_resisted":1451,"minecraft:climb_one_cm":10609,"minecraft:walk_one_cm":813011,"minecraft:sneak_time":4282,"minecraft:walk_under_water_one_cm":32620,"minecraft:boat_one_cm":98274,"minecraft:interact_with_lectern":1,"minecraft:total_world_time":253291,"enigmaticlegacy:play_time_without_seven_curses":253209,"minecraft:interact_with_grindstone":3,"minecraft:interact_with_stonecutter":1,"minecraft:time_since_rest":12288,"minecraft:damage_absorbed":1393,"minecraft:damage_taken":11197,"minecraft:swim_one_cm":91989,"minecraft:fly_one_cm":720044,"minecraft:open_chest":118,"minecraft:fall_one_cm":119737},"minecraft:picked_up":{"minecraft:iron_chestplate":2,"minecraft:birch_door":2,"minecraft:wheat":3,"minecraft:diamond_sword":1,"minecraft:enchanted_book":1,"undead_unleashed:grave_metal_chestplate":2,"minecraft:stone_brick_stairs":11,"minecraft:string":17,"apotheosis:epic_material":5,"minecraft:experience_bottle":6,"forbidden_arcanus:carved_edelwood_log":1,"minecraft:beetroot":5,"bosses_of_mass_destruction:soul_star":1,"delightful:acorn":1,"minecraft:spruce_planks":4,"undead_unleashed:grave_metal_sword":1,"minecraft:redstone_torch":1,"minecraft:calcite":2,"minecraft:iron_pickaxe":1,"minecraft:melon_slice":11,"minecraft:furnace":2,"minecraft:iron_boots":3,"apotheosis:rare_material":10,"apotheosis:gem":7,"minecraft:deepslate_brick_wall":1,"minecraft:spruce_stairs":1,"minecraft:porkchop":9,"minecraft:diorite":3,"minecraft:rotten_flesh":19,"cisco_mod:adventurer_leggings":1,"forbidden_arcanus:cherry_peach":2,"iter_rpg:gobsteel_scrap":3,"minecraft:cobblestone":11,"minecraft:birch_log":33,"minecraft:leather_chestplate":4,"delightful:animal_fat":1,"ars_nouveau:source_berry":26,"minecraft:smoker":1,"minecraft:potato":2,"minecraft:wither_skeleton_skull":1,"ars_nouveau:scribes_table":4,"minecraft:lapis_lazuli":1,"minecraft:dirt":20,"minecraft:bone":11,"minecraft:chipped_anvil":1,"minecraft:bow":1,"minecraft:birch_wood":1,"apotheosis:mythic_material":1,"minecraft:moss_block":2,"twigs:twig":9,"irons_spellbooks:frozen_bone":8,"majruszsaccessories:owl_feather":1,"minecraft:soul_lantern":1,"minecraft:crossbow":2,"minecraft:golden_apple":20,"forbidden_arcanus:edelwood_stick":2,"minecraft:emerald":10,"minecraft:oak_sapling":4,"minecraft:dark_oak_fence":4,"iter_rpg:spawner_fragment":2,"minecraft:coarse_dirt":3,"byg:palm_crafting_table":2,"minecraft:turtle_helmet":1,"minecraft:brown_mushroom":132,"minecraft:stone_brick_wall":1,"minecraft:gold_block":9,"minecraft:shield":3,"minecraft:iron_axe":1,"minecraft:wooden_sword":2,"minecraft:red_bed":4,"forbidden_arcanus:thin_cherry_log":17,"skilltree:wisdom_scroll":5,"minecraft:item_frame":1,"minecraft:compass":1,"minecraft:birch_fence":1,"minecraft:candle":1,"minecraft:beef":11,"immersive_armors:wooden_leggings":1,"minecraft:poppy":1,"minecraft:spruce_slab":1,"minecraft:birch_sapling":3,"minecraft:spruce_trapdoor":4,"minecraft:raw_iron":9,"ars_nouveau:purple_archwood_log":8,"ecologics:coconut_slice":2,"minecraft:bowl":14,"minecraft:fire_charge":24,"minecraft:trident":1,"minecraft:dark_oak_planks":3,"minecraft:arrow":60,"minecraft:beetroot_seeds":10,"minecraft:totem_of_undying":1,"minecraft:gold_ingot":1,"byg:palm_log":8,"forbidden_arcanus:spawner_scrap":2,"minecraft:leather":8,"minecraft:red_mushroom":2,"forbidden_arcanus:cherry_sapling":9,"minecraft:chainmail_chestplate":1,"minecraft:gunpowder":3,"cisco_mod:adventurer_boots":1,"minecraft:white_banner":1,"minecraft:stone_bricks":22,"minecraft:iron_ingot":33,"minecraft:cooked_chicken":1,"apotheosis:gem_dust":8,"minecraft:iron_sword":8,"forbidden_arcanus:cherry_log":1,"minecraft:book":7,"bakery:strawberry":2,"minecraft:emerald_block":5,"minecraft:spyglass":1,"irons_spellbooks:evoker_spell_book":1,"undead_unleashed:grave_metal_scrap":6,"minecraft:spruce_sapling":8,"minecraft:spruce_log":16,"minecraft:leather_helmet":1,"minecraft:polished_diorite":2,"immersive_armors:wooden_chestplate":1,"minecraft:chainmail_leggings":1,"minecraft:iron_helmet":1,"undead_unleashed:grave_metal_axe":2,"minecraft:stripped_dark_oak_log":1,"minecraft:coal":33},"minecraft:killed":{"iter_rpg:goblin":3,"minecraft:witch":1,"minecraft:spider":32,"enemyexpansion:equestrian":1,"humancompanions:arbalist":1,"minecraft:skeleton":37,"alexsmobs:leafcutter_ant":1,"minecraft:piglin_brute":12,"minecraft:piglin":8,"minecraft:pig":8,"enemyexpansion:tarantula":1,"minecraft:iron_golem":1,"minecraft:creeper":11,"minecraft:pillager":21,"enemyexpansion:meature":5,"minecraft:zombie":51,"minecraft:mooshroom":1,"enemyexpansion:botfly":16,"minecraft:stray":3,"undead_unleashed:haunter":4,"minecraft:cow":10,"mowziesmobs:naga":1,"minecraft:evoker":1,"minecraft:vex":7,"alexsmobs:raccoon":1,"minecraft:vindicator":7,"enemyexpansion:direwolf":5,"minecraft:drowned":3,"cataclysm:lionfish":1,"iter_rpg:hobgoblin":1,"enemyexpansion:goblin":7,"cataclysm:deepling_angler":1,"whisperwoods:hidebehind":1,"minecraft:husk":2,"enemyexpansion:sprinter":1,"iter_rpg:goblin_warrior":5,"enemyexpansion:huntsman":1,"minecraft:villager":1,"minecraft:enderman":1},"minecraft:dropped":{"apotheosis:gem_dust":3,"minecraft:iron_sword":8,"undead_unleashed:grave_metal_chestplate":1,"minecraft:birch_planks":23,"minecraft:moss_block":2,"minecraft:brown_mushroom":4,"minecraft:porkchop":3,"minecraft:lapis_lazuli":2,"minecraft:crossbow":1,"minecraft:lantern":1,"minecraft:leather":5,"undead_unleashed:grave_metal_scrap":6,"minecraft:leather_helmet":1,"minecraft:red_mushroom":2,"minecraft:item_frame":1,"minecraft:emerald":2,"minecraft:dirt":15,"minecraft:birch_fence":1,"minecraft:dark_oak_fence":2,"immersive_armors:wooden_leggings":1,"minecraft:gold_nugget":7,"minecraft:wooden_sword":2,"immersive_armors:wooden_chestplate":2,"minecraft:gold_ingot":3,"minecraft:bone":5,"minecraft:iron_nugget":17,"minecraft:cooked_chicken":1,"minecraft:wheat":3,"immersive_armors:wooden_boots":1,"minecraft:soul_lantern":1,"minecraft:rotten_flesh":15,"minecraft:chainmail_chestplate":1,"minecraft:leather_chestplate":4,"minecraft:turtle_helmet":1,"undead_unleashed:grave_metal_axe":1,"minecraft:stone_brick_wall":1,"apotheosis:gem":1,"minecraft:birch_door":1,"minecraft:spruce_slab":1,"minecraft:arrow":87,"minecraft:beef":8,"farmersdelight:ratatouille":16,"minecraft:stone_brick_stairs":11,"enigmaticlegacy:enigmatic_amulet":1,"minecraft:iron_ingot":31,"minecraft:deepslate_brick_wall":1,"minecraft:cobblestone":8,"minecraft:book":1,"minecraft:spruce_stairs":1,"minecraft:chainmail_helmet":1,"minecraft:coal":48,"minecraft:golden_apple":18,"minecraft:stick":4,"minecraft:diorite":3,"forbidden_arcanus:cherry_planks":24,"forbidden_arcanus:spawner_scrap":2,"minecraft:fire_charge":48,"delightful:acorn":1,"minecraft:white_banner":1,"minecraft:iron_axe":2,"minecraft:chainmail_leggings":1,"minecraft:string":15,"irons_spellbooks:frozen_bone":8,"minecraft:spruce_sapling":8,"minecraft:redstone":1,"minecraft:polished_diorite":2,"forbidden_arcanus:carved_edelwood_log":1,"minecraft:bowl":26,"minecraft:raw_iron":8,"minecraft:iron_boots":3,"enigmaticlegacy:cursed_ring":1,"minecraft:filled_map":1,"minecraft:shield":3,"minecraft:spruce_planks":2,"minecraft:spruce_trapdoor":4,"minecraft:iron_chestplate":1,"apotheosis:rare_material":5,"minecraft:oak_sapling":2,"simplyswords:iron_longsword":1,"minecraft:redstone_torch":1,"minecraft:stone_bricks":16,"minecraft:spruce_log":1,"minecraft:bow":1,"minecraft:wooden_pickaxe":1,"delightful:animal_fat":1,"minecraft:calcite":2,"immersive_armors:wooden_helmet":1}},"DataVersion":3120}