{"stats":{"minecraft:used":{"farmersdelight:diamond_knife":67,"cisco_mod:adventurer_chestplate":1,"minecraft:spruce_planks":22,"minecraft:shield":51,"minecraft:iron_sword":684,"woodworks:spruce_chest":3,"byg:palm_crafting_table":3,"forbidden_arcanus:cherry_peach":2,"minecraft:dirt":5,"minecraft:spyglass":1,"minecraft:anvil":1,"undead_unleashed:grave_metal_axe":2,"minecraft:birch_door":1,"minecraft:wooden_axe":22,"minecraft:iron_axe":47,"minecraft:stone_bricks":6,"immersive_armors:wooden_chestplate":1,"woodworks:birch_chest":2,"minecraft:oak_sapling":1,"immersive_armors:wooden_helmet":1,"minecraft:ender_pearl":2,"minecraft:birch_boat":1,"minecraft:golden_apple":32,"minecraft:crafting_table":3,"minecraft:red_bed":2,"minecraft:crossbow":7,"farmersdelight:bacon_and_eggs":24,"farmersdelight:ratatouille":3,"cisco_mod:adventurer_helmet":1,"minecraft:iron_pickaxe":81,"ecologics:coconut_slice":2,"immersive_armors:wooden_boots":1,"minecraft:fire_charge":1,"minecraft:wooden_sword":52,"minecraft:cobblestone":3,"cisco_mod:adventurer_boots":1,"cisco_mod:adventurer_leggings":1,"immersive_armors:wooden_leggings":1,"minecraft:experience_bottle":11,"minecraft:candle":1},"minecraft:killed_by":{"minecraft:witch":1},"minecraft:crafted":{"minecraft:wooden_sword":1,"minecraft:birch_boat":1,"woodworks:spruce_chest":3,"minecraft:iron_axe":1,"woodworks:birch_chest":2,"byg:palm_crafting_table":1,"minecraft:emerald":45,"minecraft:crafting_table":1,"minecraft:spruce_planks":56,"minecraft:wooden_pickaxe":1,"minecraft:iron_sword":1,"minecraft:birch_planks":116,"minecraft:air":0,"byg:palm_planks":32,"forbidden_arcanus:cherry_planks":38,"cisco_mod:adventurer_chestplate":1,"minecraft:iron_chestplate":1,"minecraft:shield":1,"minecraft:stick":16,"minecraft:iron_ingot":2,"minecraft:wooden_axe":1,"minecraft:gold_ingot":81},"minecraft:broken":{"aether:iron_gloves":1,"minecraft:shield":1},"minecraft:mined":{"minecraft:dark_oak_planks":2,"minecraft:spruce_planks":2,"minecraft:candle":1,"byg:palm_crafting_table":2,"minecraft:dark_oak_pressure_plate":1,"minecraft:potted_dead_bush":1,"minecraft:dark_oak_fence":2,"minecraft:grass_block":4,"minecraft:brown_mushroom_block":1,"minecraft:spruce_leaves":7,"minecraft:chiseled_stone_bricks":1,"minecraft:spawner":4,"forbidden_arcanus:thin_cherry_log":17,"minecraft:iron_ore":9,"minecraft:fire":1,"forbidden_arcanus:cherry_leaves":1,"minecraft:gold_block":12,"minecraft:cobblestone_slab":1,"forbidden_arcanus:carved_edelwood_log":1,"minecraft:spruce_slab":1,"minecraft:red_bed":3,"minecraft:deepslate_brick_wall":1,"minecraft:rose_bush":1,"minecraft:cobblestone":3,"minecraft:birch_wood":1,"minecraft:oak_planks":1,"minecraft:diorite":3,"byg:palm_log":8,"forbidden_arcanus:edelwood_log":2,"minecraft:birch_log":29,"minecraft:redstone_torch":1,"minecraft:spruce_log":17,"minecraft:birch_leaves":5,"minecraft:stone_brick_stairs":1,"minecraft:grass":1,"forbidden_arcanus:cherry_log":1,"minecraft:cobweb":23,"structure_gel:dynamic_spawner":5,"minecraft:cracked_stone_bricks":5,"minecraft:stone_bricks":11,"minecraft:polished_andesite":3,"minecraft:emerald_block":5,"minecraft:chipped_anvil":1,"minecraft:mossy_stone_bricks":3,"minecraft:birch_fence":1,"minecraft:oak_leaves":37,"minecraft:fern":3},"minecraft:custom":{"minecraft:interact_with_smithing_table":2,"enigmaticlegacy:play_time_with_seven_curses":0,"minecraft:inspect_dropper":9,"lootr:looted_stat":76,"minecraft:interact_with_anvil":1,"minecraft:mob_kills":249,"goblintraders:trade_with_goblin":1,"minecraft:open_barrel":7,"minecraft:interact_with_crafting_table":22,"minecraft:bell_ring":2,"minecraft:damage_dealt_resisted":1451,"minecraft:leave_game":4,"minecraft:time_since_death":32819,"minecraft:climb_one_cm":8299,"minecraft:damage_resisted":0,"minecraft:sprint_one_cm":523215,"minecraft:walk_one_cm":616217,"minecraft:damage_blocked_by_shield":866,"minecraft:drop":151,"minecraft:talked_to_villager":5,"minecraft:deaths":1,"minecraft:play_time":193291,"minecraft:sneak_time":3614,"minecraft:walk_under_water_one_cm":16800,"minecraft:boat_one_cm":98274,"minecraft:interact_with_lectern":1,"minecraft:jump":3764,"minecraft:walk_on_water_one_cm":26973,"minecraft:total_world_time":193291,"enigmaticlegacy:play_time_without_seven_curses":193245,"minecraft:interact_with_cartography_table":1,"minecraft:interact_with_stonecutter":1,"minecraft:interact_with_grindstone":3,"minecraft:sleep_in_bed":7,"minecraft:time_since_rest":7008,"minecraft:waystone_activated":2,"minecraft:damage_taken":8618,"minecraft:damage_absorbed":1111,"minecraft:damage_dealt":136443,"minecraft:swim_one_cm":72328,"minecraft:fly_one_cm":569611,"minecraft:player_kills":3,"minecraft:open_chest":13,"minecraft:crouch_one_cm":11157,"minecraft:interact_with_smoker":2,"minecraft:fall_one_cm":94147,"minecraft:inspect_dispenser":9},"minecraft:killed":{"minecraft:evoker":1,"minecraft:vex":7,"minecraft:witch":1,"alexsmobs:raccoon":1,"enemyexpansion:equestrian":1,"minecraft:spider":28,"minecraft:vindicator":7,"enemyexpansion:direwolf":3,"humancompanions:arbalist":1,"minecraft:skeleton":35,"alexsmobs:leafcutter_ant":1,"cataclysm:lionfish":1,"minecraft:drowned":2,"iter_rpg:hobgoblin":1,"minecraft:piglin_brute":11,"enemyexpansion:goblin":4,"cataclysm:deepling_angler":1,"whisperwoods:hidebehind":1,"minecraft:piglin":8,"minecraft:husk":2,"minecraft:pig":7,"enemyexpansion:sprinter":1,"minecraft:creeper":7,"minecraft:pillager":21,"enemyexpansion:meature":1,"minecraft:zombie":48,"enemyexpansion:huntsman":1,"minecraft:mooshroom":1,"iter_rpg:goblin_warrior":4,"enemyexpansion:botfly":15,"minecraft:stray":3,"undead_unleashed:haunter":4,"minecraft:villager":1,"minecraft:enderman":1,"minecraft:cow":7,"mowziesmobs:naga":1},"minecraft:picked_up":{"minecraft:birch_door":2,"minecraft:wheat":3,"byg:palm_crafting_table":2,"minecraft:turtle_helmet":1,"minecraft:brown_mushroom":132,"minecraft:gold_block":9,"undead_unleashed:grave_metal_chestplate":2,"minecraft:shield":3,"minecraft:red_bed":2,"minecraft:string":16,"apotheosis:epic_material":5,"forbidden_arcanus:thin_cherry_log":17,"skilltree:wisdom_scroll":5,"minecraft:wooden_sword":2,"forbidden_arcanus:carved_edelwood_log":1,"minecraft:birch_fence":1,"minecraft:experience_bottle":6,"minecraft:beetroot":5,"minecraft:candle":1,"bosses_of_mass_destruction:soul_star":1,"minecraft:spruce_planks":2,"delightful:acorn":1,"minecraft:beef":11,"immersive_armors:wooden_leggings":1,"minecraft:redstone_torch":1,"minecraft:spruce_slab":1,"minecraft:birch_sapling":1,"minecraft:iron_boots":3,"minecraft:raw_iron":9,"apotheosis:gem":6,"apotheosis:rare_material":10,"minecraft:deepslate_brick_wall":1,"ecologics:coconut_slice":2,"minecraft:bowl":13,"minecraft:fire_charge":24,"minecraft:porkchop":8,"minecraft:trident":1,"minecraft:dark_oak_planks":2,"minecraft:arrow":60,"minecraft:rotten_flesh":12,"minecraft:beetroot_seeds":10,"cisco_mod:adventurer_leggings":1,"iter_rpg:gobsteel_scrap":3,"minecraft:gold_ingot":1,"forbidden_arcanus:cherry_peach":2,"minecraft:totem_of_undying":1,"byg:palm_log":8,"forbidden_arcanus:spawner_scrap":2,"minecraft:cobblestone":3,"minecraft:birch_log":29,"minecraft:leather_chestplate":4,"delightful:animal_fat":1,"ars_nouveau:source_berry":20,"minecraft:red_mushroom":2,"minecraft:leather":6,"forbidden_arcanus:cherry_sapling":9,"minecraft:chainmail_chestplate":1,"minecraft:gunpowder":3,"minecraft:wither_skeleton_skull":1,"cisco_mod:adventurer_boots":1,"minecraft:lapis_lazuli":1,"minecraft:dirt":20,"minecraft:white_banner":1,"minecraft:bone":11,"minecraft:chipped_anvil":1,"minecraft:stone_bricks":8,"minecraft:bow":1,"minecraft:birch_wood":1,"minecraft:cooked_chicken":1,"minecraft:iron_ingot":28,"twigs:twig":9,"minecraft:moss_block":2,"apotheosis:gem_dust":8,"minecraft:iron_sword":6,"forbidden_arcanus:cherry_log":1,"minecraft:emerald_block":5,"irons_spellbooks:frozen_bone":8,"undead_unleashed:grave_metal_scrap":6,"minecraft:spruce_sapling":8,"irons_spellbooks:evoker_spell_book":1,"minecraft:spruce_log":16,"minecraft:leather_helmet":1,"majruszsaccessories:owl_feather":1,"iter_rpg:spawner_fragment":2,"minecraft:chainmail_leggings":1,"immersive_armors:wooden_chestplate":1,"minecraft:iron_helmet":1,"forbidden_arcanus:edelwood_stick":2,"minecraft:crossbow":2,"minecraft:golden_apple":20,"undead_unleashed:grave_metal_axe":2,"minecraft:emerald":10,"minecraft:oak_sapling":3,"minecraft:dark_oak_fence":3,"minecraft:coal":33,"minecraft:coarse_dirt":3},"minecraft:dropped":{"apotheosis:gem_dust":3,"minecraft:iron_ingot":5,"minecraft:iron_sword":8,"minecraft:porkchop":3,"minecraft:brown_mushroom":4,"minecraft:moss_block":2,"minecraft:birch_planks":11,"undead_unleashed:grave_metal_chestplate":1,"minecraft:lapis_lazuli":2,"minecraft:deepslate_brick_wall":1,"minecraft:crossbow":1,"minecraft:lantern":1,"minecraft:leather":5,"undead_unleashed:grave_metal_scrap":6,"minecraft:chainmail_helmet":1,"minecraft:coal":48,"minecraft:leather_helmet":1,"minecraft:golden_apple":18,"minecraft:red_mushroom":2,"minecraft:emerald":2,"minecraft:stick":4,"minecraft:dirt":15,"minecraft:birch_fence":1,"minecraft:dark_oak_fence":2,"immersive_armors:wooden_leggings":1,"forbidden_arcanus:cherry_planks":24,"forbidden_arcanus:spawner_scrap":2,"minecraft:fire_charge":48,"delightful:acorn":1,"minecraft:wooden_sword":2,"minecraft:white_banner":1,"minecraft:iron_axe":1,"immersive_armors:wooden_chestplate":2,"minecraft:chainmail_leggings":1,"irons_spellbooks:frozen_bone":8,"minecraft:string":15,"minecraft:spruce_sapling":8,"minecraft:gold_ingot":3,"minecraft:bone":5,"minecraft:redstone":1,"forbidden_arcanus:carved_edelwood_log":1,"minecraft:cooked_chicken":1,"minecraft:iron_nugget":17,"minecraft:bowl":23,"minecraft:wheat":3,"immersive_armors:wooden_boots":1,"minecraft:raw_iron":8,"minecraft:rotten_flesh":8,"minecraft:iron_boots":3,"enigmaticlegacy:cursed_ring":1,"minecraft:chainmail_chestplate":1,"minecraft:filled_map":1,"minecraft:leather_chestplate":4,"minecraft:turtle_helmet":1,"minecraft:shield":3,"undead_unleashed:grave_metal_axe":1,"minecraft:birch_door":1,"apotheosis:gem":1,"minecraft:oak_sapling":2,"simplyswords:iron_longsword":1,"minecraft:redstone_torch":1,"minecraft:stone_bricks":2,"minecraft:spruce_slab":1,"minecraft:spruce_log":1,"minecraft:arrow":87,"minecraft:bow":1,"minecraft:wooden_pickaxe":1,"minecraft:beef":8,"delightful:animal_fat":1,"farmersdelight:ratatouille":16,"immersive_armors:wooden_helmet":1,"enigmaticlegacy:enigmatic_amulet":1}},"DataVersion":3120}