{"stats":{"minecraft:used":{"minecraft:stone_sword":1,"simplyswords:iron_rapier":4,"minecraft:oak_planks":12,"minecraft:shield":13,"strictly_origins:damaged_durendal":12,"minecraft:iron_sword":168,"minecraft:torch":6,"minecraft:golden_apple":5,"minecraft:dirt":1,"minecraft:oak_slab":3,"minecraft:crafting_table":5,"farmersdelight:ratatouille":3,"minecraft:iron_axe":4,"minecraft:bread":11,"iter_rpg:wooden_scythe":1,"minecraft:bow":2,"minecraft:written_book":1,"alexsmobs:animal_dictionary":1,"minecraft:candle":3},"minecraft:killed_by":{"minecraft:player":2,"minecraft:skeleton":1},"minecraft:mined":{"minecraft:oak_slab":6,"minecraft:torch":1,"minecraft:crafting_table":3,"minecraft:grass_block":1,"minecraft:oak_planks":2,"minecraft:oak_log":10,"minecraft:oak_stairs":2,"minecraft:gravel":1,"minecraft:cobweb":3,"minecraft:oak_leaves":16},"minecraft:crafted":{"minecraft:oak_planks":48,"minecraft:crafting_table":1,"cisco_mod:adventurer_chestplate":1,"minecraft:iron_chestplate":1,"minecraft:stick":4,"minecraft:iron_ingot":3,"minecraft:gold_ingot":9},"minecraft:broken":{"aether:leather_gloves":1},"minecraft:dropped":{"simplyswords:runic_tablet":2,"minecraft:porkchop":2,"minecraft:iron_nugget":5,"minecraft:crossbow":1,"minecraft:beetroot":4,"minecraft:lantern":1,"minecraft:bowl":4,"immersive_armors:wooden_boots":2,"minecraft:oak_planks":1,"minecraft:rotten_flesh":6,"minecraft:iron_boots":3,"iter_rpg:stone_geode":1,"undead_unleashed:grave_metal_scrap":20,"minecraft:chainmail_helmet":1,"patchouli:guide_book":2,"enigmaticlegacy:cursed_ring":1,"minecraft:stick":3,"minecraft:filled_map":1,"origins:orb_of_origin":1,"minecraft:shield":1,"minecraft:netherite_scrap":1,"forbidden_arcanus:cherry_planks":24,"apotheosis:gem":5,"forbidden_arcanus:spawner_scrap":2,"minecraft:arrow":1,"immersive_armors:wooden_chestplate":1,"undead_unleashed:grave_metal_leggings":1,"minecraft:paper":12,"minecraft:written_book":2,"immersive_armors:wooden_helmet":1,"minecraft:bone":1},"minecraft:picked_up":{"minecraft:crafting_table":4,"forbidden_arcanus:zombie_arm":1,"minecraft:filled_map":1,"minecraft:gold_block":3,"strictly_origins:damaged_durendal":1,"minecraft:oak_log":12,"minecraft:shield":2,"aether:leather_gloves":1,"minecraft:red_bed":1,"minecraft:lapis_lazuli":1,"cisco_mod:adventurer_boots":1,"minecraft:dirt":1,"minecraft:string":17,"minecraft:dark_oak_pressure_plate":1,"apotheosis:epic_material":1,"minecraft:paper":6,"minecraft:lantern":1,"skilltree:wisdom_scroll":2,"forbidden_arcanus:cherry_planks":24,"minecraft:iron_axe":1,"minecraft:wooden_sword":1,"minecraft:netherite_scrap":3,"minecraft:white_carpet":1,"minecraft:bone":26,"farmersdelight:iron_knife":1,"minecraft:bow":2,"simplyswords:runic_tablet":1,"minecraft:iron_ingot":4,"immersive_armors:wooden_leggings":1,"minecraft:written_book":2,"minecraft:iron_nugget":17,"apotheosis:gem_dust":2,"minecraft:oak_planks":3,"minecraft:iron_sword":2,"farmersdelight:ratatouille":16,"minecraft:iron_boots":2,"minecraft:book":3,"minecraft:oak_slab":7,"apotheosis:gem":10,"patchouli:guide_book":3,"minecraft:torch":1,"minecraft:bowl":1,"undead_unleashed:grave_metal_leggings":1,"minecraft:porkchop":4,"enigmaticlegacy:enigmatic_amulet":1,"undead_unleashed:grave_metal_scrap":20,"minecraft:carrot":10,"iter_rpg:stone_geode":1,"minecraft:spider_eye":4,"alexsmobs:animal_dictionary":1,"farmersdelight:bacon_and_eggs":8,"majruszsaccessories:owl_feather":1,"minecraft:arrow":95,"minecraft:rotten_flesh":30,"ars_nouveau:worn_notebook":1,"immersive_armors:wooden_chestplate":1,"minecraft:crossbow":1,"minecraft:bread":17,"minecraft:golden_apple":37,"minecraft:gold_ingot":2,"undead_unleashed:grave_metal_axe":1,"minecraft:emerald":2,"minecraft:chainmail_helmet":2,"alexsmobs:maggot":1,"supplementaries:ash":3,"forbidden_arcanus:spawner_scrap":3,"immersive_armors:wooden_boots":2},"minecraft:custom":{"enigmaticlegacy:play_time_with_seven_curses":0,"lootr:looted_stat":26,"minecraft:mob_kills":47,"enigmaticlegacy:play_time_without_seven_curses":75042,"minecraft:interact_with_crafting_table":8,"minecraft:interact_with_loom":2,"minecraft:damage_dealt_resisted":0,"minecraft:leave_game":3,"minecraft:time_since_death":1387,"minecraft:climb_one_cm":3290,"minecraft:damage_resisted":0,"minecraft:time_since_rest":1488,"minecraft:sprint_one_cm":182885,"minecraft:walk_one_cm":211267,"minecraft:damage_taken":2858,"minecraft:damage_absorbed":161,"minecraft:damage_blocked_by_shield":602,"minecraft:drop":44,"minecraft:damage_dealt":14807,"minecraft:swim_one_cm":35000,"minecraft:talked_to_villager":1,"minecraft:fly_one_cm":156656,"minecraft:crouch_one_cm":827,"minecraft:play_time":75234,"minecraft:deaths":3,"minecraft:sneak_time":176,"minecraft:walk_under_water_one_cm":2272,"minecraft:jump":1184,"minecraft:walk_on_water_one_cm":4524,"minecraft:total_world_time":75234,"minecraft:fall_one_cm":21265},"minecraft:killed":{"minecraft:vex":1,"minecraft:husk":2,"majruszsdifficulty:tank":1,"minecraft:pig":2,"alexsmobs:raccoon":1,"minecraft:spider":3,"minecraft:skeleton":7,"enemyexpansion:meature":1,"minecraft:zombie":22,"minecraft:stray":1,"enemyexpansion:botfly":5,"alexsmobs:fly":1,"undead_unleashed:haunter":3}},"DataVersion":3120}