{"stats":{"minecraft:killed":{"minecraft:zombie":6},"minecraft:crafted":{"minecraft:wooden_sword":1,"minecraft:birch_planks":12,"minecraft:crafting_table":1,"minecraft:stick":4},"minecraft:killed_by":{"minecraft:skeleton":1},"minecraft:used":{"minecraft:wooden_sword":27,"minecraft:crafting_table":1},"minecraft:mined":{"minecraft:birch_log":3,"minecraft:birch_leaves":4},"minecraft:custom":{"minecraft:time_since_rest":479,"minecraft:play_time":4223,"minecraft:sprint_one_cm":6589,"minecraft:deaths":1,"minecraft:damage_taken":285,"minecraft:walk_one_cm":21152,"minecraft:mob_kills":6,"minecraft:jump":97,"minecraft:damage_dealt":1110,"minecraft:leave_game":2,"minecraft:time_since_death":447,"minecraft:total_world_time":4223,"minecraft:interact_with_crafting_table":1,"minecraft:fall_one_cm":1240,"minecraft:fly_one_cm":10097},"minecraft:picked_up":{"minecraft:birch_log":3,"minecraft:stick":3,"minecraft:rotten_flesh":2,"minecraft:birch_planks":4}},"DataVersion":3120}