{"stats":{"minecraft:broken":{"cisco_mod:adventurer_helmet":1,"aether:iron_gloves":2,"minecraft:shield":1,"aether:leather_gloves":1},"minecraft:killed_by":{"minecraft:piglin_brute":3,"minecraft:creeper":1,"enemyexpansion:slugger":1,"minecraft:drowned":1,"enemyexpansion:huntsman":2,"minecraft:zombie":1,"alexsmobs:grizzly_bear":1,"enemyexpansion:crawler":1,"majruszsdifficulty:cursed_armor":1,"minecraft:player":12,"minecraft:stray":1,"minecraft:warden":2,"mutantmonsters:mutant_skeleton":2,"minecraft:skeleton":7},"minecraft:killed":{"minecraft:zombified_piglin":7,"minecraft:witch":1,"enemyexpansion:equestrian":7,"minecraft:spider":33,"minecraft:skeleton":60,"minecraft:bee":2,"minecraft:chicken":1,"whisperwoods:wisp":5,"ecologics:coconut_crab":3,"minecraft:silverfish":2,"ars_nouveau:summon_horse":2,"irons_spellbooks:summoned_skeleton":2,"minecraft:piglin_brute":12,"aquaculture:carp":2,"minecraft:piglin":5,"minecraft:pig":27,"minecraft:zombie_villager":3,"alexsmobs:seal":5,"majruszsdifficulty:tank":2,"iter_rpg:spiderling":3,"irons_spellbooks:necromancer":2,"minecraft:creeper":16,"minecraft:sheep":2,"undead_unleashed:frenzied_knight":2,"ars_nouveau:dummy":1,"minecraft:pillager":64,"enemyexpansion:meature":10,"undead_unleashed:shadewraith":3,"irons_spellbooks:summoned_vex":7,"minecraft:zombie":121,"enemyexpansion:vampire":2,"enemyexpansion:botfly":41,"minecraft:stray":3,"alexsmobs:fly":2,"undead_unleashed:haunter":15,"whisperwoods:moth":1,"takesapillage:archer":1,"minecraft:cow":10,"minecraft:evoker":1,"minecraft:vex":1,"irons_spellbooks:summoned_zombie":4,"alexsmobs:raccoon":1,"takesapillage:legioner":1,"minecraft:vindicator":9,"alexsmobs:tasmanian_devil":1,"enemyexpansion:direwolf":2,"minecraft:phantom":1,"minecraft:drowned":4,"iter_rpg:hobgoblin":1,"enemyexpansion:goblin":10,"enemyexpansion:scorpion":1,"whisperwoods:hidebehind":1,"minecraft:husk":4,"humancompanions:axeguard":1,"alexsmobs:skunk":1,"takesapillage:skirmisher":2,"enemyexpansion:sprinter":3,"majruszsdifficulty:cursed_armor":19,"minecraft:squid":2,"enemyexpansion:crawler":3,"sons_of_sins:betrayed_guzzler":1,"iter_rpg:goblin_warrior":2,"enemyexpansion:huntsman":2,"mutantmonsters:mutant_zombie":1,"minecraft:enderman":3,"enemyexpansion:slugger":2},"minecraft:custom":{"enigmaticlegacy:play_time_with_seven_curses":0,"lootr:looted_stat":156,"minecraft:interact_with_crafting_table":87,"minecraft:open_barrel":2,"goblintraders:trade_with_goblin":8,"minecraft:bell_ring":4,"minecraft:leave_game":20,"minecraft:time_since_death":40651,"minecraft:damage_resisted":63,"minecraft:sprint_one_cm":1749486,"minecraft:damage_blocked_by_shield":8193,"minecraft:drop":298,"minecraft:talked_to_villager":13,"minecraft:deaths":36,"minecraft:play_time":646944,"minecraft:jump":12854,"minecraft:walk_on_water_one_cm":100617,"minecraft:enchant_item":5,"minecraft:interact_with_furnace":24,"minecraft:traded_with_villager":1,"minecraft:interact_with_loom":2,"minecraft:sleep_in_bed":12,"minecraft:waystone_activated":6,"minecraft:damage_dealt":469033,"minecraft:player_kills":3,"minecraft:crouch_one_cm":43232,"minecraft:interact_with_smoker":15,"minecraft:horse_one_cm":19322,"minecraft:interact_with_smithing_table":5,"minecraft:interact_with_anvil":11,"minecraft:mob_kills":570,"minecraft:damage_dealt_resisted":16753,"minecraft:climb_one_cm":35997,"minecraft:walk_one_cm":1713937,"minecraft:damage_dealt_absorbed":40,"minecraft:sneak_time":11041,"minecraft:walk_under_water_one_cm":43029,"minecraft:boat_one_cm":2076,"minecraft:interact_with_lectern":1,"minecraft:total_world_time":646944,"enigmaticlegacy:play_time_without_seven_curses":650564,"minecraft:interact_with_grindstone":2,"minecraft:time_since_rest":40681,"minecraft:damage_taken":35473,"minecraft:damage_absorbed":161,"minecraft:trigger_trapped_chest":1,"minecraft:swim_one_cm":195302,"minecraft:fly_one_cm":2208135,"minecraft:open_chest":298,"minecraft:fall_one_cm":342050},"minecraft:crafted":{"minecraft:grindstone":1,"minecraft:oak_planks":48,"minecraft:birch_boat":2,"minecraft:stone":8,"minecraft:iron_boots":2,"cisco_mod:adventurer_boots":2,"cisco_mod:adventurer_helmet":2,"blue_skies:blue_journal":1,"minecraft:crafting_table":7,"minecraft:iron_helmet":1,"minecraft:baked_potato":230,"minecraft:smithing_table":1,"minecraft:birch_planks":184,"cisco_mod:adventurer_chestplate":1,"minecraft:iron_chestplate":3,"minecraft:shield":3,"minecraft:birch_fence":3,"minecraft:stick":28,"minecraft:iron_pickaxe":4,"minecraft:iron_ingot":32,"minecraft:gold_ingot":12,"minecraft:iron_nugget":9,"minecraft:bone_meal":132,"minecraft:iron_axe":2,"minecraft:iron_hoe":1,"cisco_mod:adventurer_leggings":1,"minecraft:dark_oak_planks":280,"minecraft:wheat":108,"woodworks:birch_chest":9,"woodworks:dark_oak_bookshelf":13,"minecraft:air":0,"minecraft:bread":36,"minecraft:iron_shovel":2,"minecraft:iron_leggings":1,"minecraft:torch":16},"minecraft:dropped":{"aquaculture:iron_fillet_knife":1,"minecraft:iron_sword":6,"cisco_mod:adventurer_helmet":5,"ars_nouveau:novice_spell_book":1,"minecraft:porkchop":29,"minecraft:birch_planks":4,"minecraft:baked_potato":29,"minecraft:glass_bottle":1,"minecraft:diamond":3,"minecraft:crossbow":1,"byg:allium_flower_bush":4,"darkerdepths:shale":1,"minecraft:lantern":1,"minecraft:leather":6,"cisco_mod:adventurer_leggings":5,"iter_rpg:stone_geode":1,"undead_unleashed:grave_metal_scrap":23,"minecraft:red_mushroom":3,"twigs:pebble":3,"minecraft:dirt":13,"minecraft:netherite_scrap":1,"simplyswords:diamond_rapier":1,"minecraft:dark_oak_fence":1,"minecraft:mutton":6,"irons_spellbooks:epic_ink":1,"irons_spellbooks:arcane_essence":3,"minecraft:writable_book":1,"immersive_armors:wooden_chestplate":1,"minecraft:gold_ingot":3,"twigs:twig":1,"farmersdelight:mutton_chops":5,"quark:ancient_tome":1,"minecraft:bone":1,"minecraft:gravel":4,"simplyswords:runic_tablet":2,"minecraft:iron_nugget":5,"simplyswords:iron_katana":2,"minecraft:cobbled_deepslate":12,"simplyswords:iron_twinblade":1,"minecraft:birch_sapling":14,"immersive_armors:wooden_boots":2,"minecraft:beetroot":4,"minecraft:rotten_flesh":49,"minecraft:oak_planks":1,"iter_rpg:spawner_fragment":1,"simplyswords:netherite_katana":2,"patchouli:guide_book":4,"minecraft:leather_chestplate":1,"supplementaries:ash":6,"minecraft:deepslate_tiles":2,"minecraft:gunpowder":9,"undead_unleashed:grave_metal_axe":3,"apotheosis:gem":7,"minecraft:leather_leggings":1,"forbidden_arcanus:arcane_crystal":1,"minecraft:arrow":5,"minecraft:beef":10,"enigmaticlegacy:enigmatic_amulet":1,"minecraft:written_book":2,"minecraft:enchanted_book":2,"minecraft:egg":2,"minecraft:bread":28,"minecraft:iron_ingot":75,"minecraft:wheat_seeds":47,"minecraft:netherite_pickaxe":1,"minecraft:tnt":1,"majruszsaccessories:adventurer_kit":2,"forbidden_arcanus:tentacle":1,"minecraft:cobblestone":221,"enemyexpansion:scorpion_tail":1,"irons_spellbooks:evoker_spell_book":2,"cisco_mod:adventurer_chestplate":5,"minecraft:chainmail_helmet":1,"apotheosis:epic_material":1,"minecraft:coal":2,"ars_nouveau:bastion_pod":7,"minecraft:stick":4,"irons_spellbooks:scroll":3,"origins:orb_of_origin":1,"irons_spellbooks:affinity_ring":2,"cisco_mod:amuletof_vitality":2,"minecraft:ink_sac":9,"forbidden_arcanus:cherry_planks":24,"byg:soapstone":2,"minecraft:rose_bush":1,"forbidden_arcanus:spawner_scrap":2,"simplyswords:iron_rapier":2,"minecraft:iron_axe":1,"minecraft:paper":12,"minecraft:string":17,"minecraft:redstone":10,"alexsmobs:maggot":5,"twigs:petrified_lichen":1,"cisco_mod:adventurer_boots":5,"relics:hunter_belt":1,"minecraft:soul_torch":6,"minecraft:stone_sword":4,"minecraft:raw_copper":2,"minecraft:bowl":15,"majruszsaccessories:owl_feather":1,"minecraft:iron_boots":3,"minecraft:iron_hoe":1,"sophisticatedbackpacks:backpack":4,"undead_unleashed:grave_metal_sword":1,"vinery:white_grape":2,"enigmaticlegacy:cursed_ring":1,"minecraft:filled_map":1,"minecraft:diamond_sword":2,"simplyswords:iron_scythe":1,"minecraft:shroomlight":1,"farmersdelight:flint_knife":1,"minecraft:shield":6,"aether:chainmail_gloves":2,"irons_spellbooks:wandering_magician_leggings":1,"minecraft:spruce_planks":1,"minecraft:warped_fence":2,"minecraft:andesite":16,"minecraft:oak_sapling":1,"farmersdelight:minced_beef":12,"simplyswords:iron_longsword":1,"minecraft:spider_eye":4,"delightful:animal_fat":4,"minecraft:bow":5,"undead_unleashed:grave_metal_leggings":2,"minecraft:magma_block":2,"simplyswords:iron_claymore":2,"immersive_armors:wooden_helmet":1,"farmersdelight:diamond_knife":1},"minecraft:mined":{"minecraft:dark_oak_planks":4,"minecraft:sculk_vein":9,"minecraft:granite":6,"minecraft:grass_block":32,"ars_nouveau:bastion_pod":10,"twigs:twig":2,"minecraft:deepslate_bricks":1,"ars_nouveau:sourceberry_bush":1,"minecraft:spawner":5,"woodworks:birch_chest":1,"minecraft:magma_block":2,"minecraft:iron_ore":6,"minecraft:fire":2,"darkerdepths:shale":4,"minecraft:oak_stairs":2,"minecraft:iron_bars":2,"quark:violet_corundum":3,"vinery:jungle_grape_bush_red":3,"minecraft:red_bed":1,"structurize:blocksolidsubstitution":13,"minecraft:torch":4,"minecraft:mushroom_stem":13,"minecraft:cobblestone":5,"minecraft:oak_planks":2,"minecraft:chain":1,"byg:soapstone":7,"forbidden_arcanus:darkstone":30,"minecraft:birch_log":57,"minecraft:tnt":1,"minecraft:stone_brick_stairs":1,"minecraft:grass":19,"minecraft:oak_log":10,"delightful:mini_melon":1,"minecraft:sand":1,"minecraft:dirt":26,"vinery:apple_leaves":2,"twigs:rhyolite":5,"minecraft:red_mushroom_block":18,"minecraft:oak_leaves":28,"minecraft:deepslate":92,"minecraft:deepslate_tiles":2,"minecraft:tuff":5,"minecraft:light_blue_wool":1,"minecraft:stripped_birch_log":1,"minecraft:dark_oak_log":11,"minecraft:sea_lantern":1,"minecraft:dark_oak_fence":2,"darkerdepths:amber":1,"iter_rpg:big_vase":1,"minecraft:hay_block":13,"forbidden_arcanus:arcane_crystal_ore":3,"minecraft:redstone_ore":1,"forbidden_arcanus:deepslate_arcane_crystal_ore":2,"iter_rpg:small_vase":2,"minecraft:andesite":17,"minecraft:polished_deepslate":1,"minecraft:bookshelf":4,"minecraft:potatoes":65,"minecraft:vine":2,"minecraft:shroomlight":1,"minecraft:stone":279,"twigs:opaline_seashell":1,"minecraft:oak_slab":6,"twigs:pebble":1,"minecraft:stone_brick_slab":1,"galosphere:deepslate_silver_ore":8,"minecraft:warped_fence":2,"minecraft:crafting_table":3,"iter_rpg:vase":1,"minecraft:sculk_sensor":2,"twigs:petrified_lichen":1,"minecraft:copper_ore":1,"minecraft:sculk":170,"minecraft:diorite":7,"supplementaries:urn":3,"minecraft:black_stained_glass":2,"minecraft:birch_planks":4,"forbidden_arcanus:xpetrified_ore":10,"minecraft:birch_leaves":8,"iter_rpg:spider_egg":1,"minecraft:coal_ore":61,"minecraft:gravel":3,"minecraft:cobweb":26,"forbidden_arcanus:gilded_darkstone":1,"minecraft:stone_bricks":1,"minecraft:polished_andesite":1,"byg:tall_allium":1,"quark:violet_corundum_cluster":2,"minecraft:fern":1},"minecraft:picked_up":{"irons_spellbooks:scroll":14,"minecraft:iron_chestplate":1,"irons_spellbooks:rotten_spell_book":1,"irons_spellbooks:wandering_magician_leggings":1,"irons_spellbooks:affinity_ring":1,"minecraft:diamond_sword":3,"aether:iron_gloves":1,"ars_nouveau:pierce_arrow":58,"minecraft:enchanted_book":6,"undead_unleashed:grave_metal_chestplate":1,"minecraft:potion":1,"minecraft:golden_shovel":1,"minecraft:stone_brick_stairs":14,"simplyswords:iron_rapier":13,"minecraft:polished_deepslate":1,"forbidden_arcanus:xpetrified_orb":12,"minecraft:dark_oak_pressure_plate":1,"minecraft:string":53,"apotheosis:epic_material":3,"minecraft:raw_copper":2,"darkerdepths:shale":5,"minecraft:experience_bottle":8,"minecraft:zombie_head":1,"minecraft:shroomlight":1,"minecraft:deepslate_tiles":2,"irons_spellbooks:arcane_essence":9,"minecraft:bucket":1,"minecraft:cobbled_deepslate":113,"bosses_of_mass_destruction:soul_star":3,"twigs:pebble":14,"minecraft:spruce_planks":1,"delightful:acorn":4,"undead_unleashed:grave_metal_sword":4,"minecraft:rose_bush":1,"minecraft:written_book":2,"quark:black_shard":7,"minecraft:iron_pickaxe":10,"farmersdelight:ratatouille":55,"ecologics:crab_claw":2,"minecraft:iron_boots":2,"minecraft:stick":12,"apotheosis:gem":41,"apotheosis:rare_material":20,"irons_spellbooks:wandering_magician_boots":1,"minecraft:deepslate_brick_wall":1,"forbidden_arcanus:tentacle":2,"minecraft:torch":8,"minecraft:spruce_stairs":1,"minecraft:porkchop":52,"minecraft:diorite":7,"enemyexpansion:meathead_helmet":1,"majruszsaccessories:dream_catcher":1,"quark:ancient_tome":3,"easy_villagers:villager":1,"minecraft:stone_sword":6,"minecraft:rotten_flesh":130,"minecraft:light_blue_wool":1,"cisco_mod:adventurer_leggings":6,"aether:chainmail_gloves":1,"ars_nouveau:worn_notebook":1,"quark:violet_corundum_cluster":8,"ecologics:coconut_log":1,"supplementaries:quiver":2,"supplementaries:ash":9,"minecraft:iron_bars":4,"irons_spellbooks:copper_spell_book":3,"minecraft:cobblestone":306,"minecraft:birch_log":103,"majruszsaccessories:tool_scraps":3,"woodworks:birch_chest":4,"minecraft:magma_block":2,"minecraft:leather_chestplate":2,"delightful:animal_fat":4,"minecraft:water_bucket":3,"minecraft:andesite":25,"ars_nouveau:source_berry":6,"minecraft:potato":463,"minecraft:tuff":5,"minecraft:wither_skeleton_skull":2,"minecraft:stripped_birch_log":1,"irons_spellbooks:ruined_book":2,"minecraft:lapis_lazuli":1,"minecraft:dirt":103,"minecraft:lantern":1,"minecraft:bone":90,"farmersdelight:iron_knife":3,"minecraft:wheat_seeds":65,"minecraft:bow":14,"darkerdepths:amber":1,"cisco_mod:adventurer_helmet":6,"cisco_mod:amuletof_vitality":1,"galosphere:raw_silver":8,"twigs:twig":47,"minecraft:oak_planks":7,"irons_spellbooks:fireward_ring":4,"irons_spellbooks:legendary_ink":2,"patchouli:guide_book":7,"enigmaticlegacy:iron_ring":1,"minecraft:poisonous_potato":2,"vinery:white_grape":4,"minecraft:sand":1,"undead_unleashed:grave_metal_leggings":4,"minecraft:ink_sac":9,"minecraft:dark_oak_log":246,"iter_rpg:stone_geode":1,"farmersdelight:ham":2,"alexsmobs:animal_dictionary":3,"forbidden_arcanus:ender_pearl_fragment":1,"majruszsaccessories:owl_feather":3,"vinery:jungle_grapes_red":2,"minecraft:diamond":3,"minecraft:writable_book":1,"minecraft:crossbow":1,"minecraft:granite":9,"minecraft:golden_apple":40,"minecraft:bread":100,"minecraft:emerald":37,"minecraft:chainmail_helmet":2,"alexsmobs:maggot":7,"minecraft:oak_sapling":3,"twigs:rhyolite":5,"irons_spellbooks:uncommon_ink":7,"minecraft:dark_oak_fence":1,"iter_rpg:spawner_fragment":3,"minecraft:crafting_table":5,"byg:soapstone":9,"twigs:petrified_lichen":1,"minecolonies:scroll_buff":6,"minecraft:leather_leggings":1,"minecraft:gold_block":11,"enigmaticlegacy:tattered_tome":1,"minecraft:chain":1,"minecraft:shield":11,"farmersdelight:diamond_knife":1,"aether:leather_gloves":1,"minecraft:red_bed":2,"minecraft:iron_axe":4,"forbidden_arcanus:cherry_planks":24,"skilltree:wisdom_scroll":4,"minecraft:wooden_sword":1,"minecraft:netherite_scrap":7,"minecraft:white_carpet":1,"minecraft:iron_shovel":1,"minecraft:warped_fence":2,"atmospheric:shimmering_passion_fruit":1,"cisco_mod:adventurer_chestplate":6,"simplyswords:runic_tablet":1,"farmersdelight:beef_patty":3,"minecraft:beef":5,"iter_rpg:coin":4,"simplyswords:iron_longsword":3,"byg:pink_allium_flower_bush":5,"minecraft:echo_shard":1,"immersive_armors:wooden_leggings":1,"irons_spellbooks:epic_ink":1,"minecraft:iron_nugget":25,"minecraft:spruce_slab":12,"minecraft:sugar_cane":11,"minecraft:birch_sapling":26,"minecraft:spruce_trapdoor":2,"minecraft:egg":2,"relics:magma_walker":2,"minecraft:dark_oak_sapling":14,"minecraft:raw_iron":22,"quark:violet_corundum":6,"ecologics:coconut_slice":4,"minecraft:bowl":4,"sophisticatedbackpacks:backpack":5,"minecraft:carrot":23,"majruszsaccessories:adventurer_kit":1,"minecraft:redstone":10,"minecraft:netherite_pickaxe":1,"minecraft:prismarine_crystals":4,"minecraft:dark_oak_planks":51,"minecraft:tnt":1,"simplyswords:netherite_katana":2,"minecraft:arrow":257,"minecraft:stone_shovel":1,"ars_elemental:fire_caster_tome":2,"minecraft:deepslate_bricks":1,"minecraft:hay_block":12,"aquaculture:carp":2,"minecraft:gold_ingot":27,"cisco_mod:champion_coin":6,"forbidden_arcanus:spawner_scrap":7,"irons_spellbooks:ancient_knowledge_fragment":2,"simplyswords:iron_katana":2,"simplyswords:diamond_rapier":7,"minecraft:salmon":1,"minecraft:leather":16,"forbidden_arcanus:zombie_arm":1,"minecraft:red_mushroom":4,"minecraft:birch_planks":39,"minecraft:filled_map":1,"simplyswords:iron_claymore":3,"minecraft:oak_log":12,"strictly_origins:damaged_durendal":3,"minecraft:cobblestone_wall":6,"minecraft:gunpowder":15,"cisco_mod:adventurer_boots":7,"farmersdelight:flint_knife":2,"minecraft:paper":6,"minecraft:white_banner":2,"irons_spellbooks:common_ink":2,"minecraft:apple":8,"minecraft:stone_bricks":21,"byg:allium_flower_bush":2,"minecraft:iron_ingot":103,"minecraft:glass_bottle":1,"apotheosis:gem_dust":5,"minecraft:iron_sword":13,"forbidden_arcanus:darkstone":30,"minecraft:book":83,"minecraft:oak_slab":7,"minecraft:smooth_basalt":2,"minecraft:stone_brick_slab":1,"minecraft:gravel":13,"enigmaticlegacy:enigmatic_amulet":4,"ars_nouveau:bastion_pod":28,"minecraft:amethyst_shard":18,"undead_unleashed:grave_metal_scrap":110,"aquaculture:iron_fillet_knife":2,"minecraft:soul_torch":13,"minecraft:spider_eye":11,"farmersdelight:bacon_and_eggs":11,"minecraft:leather_helmet":1,"ars_nouveau:wilden_spike":2,"forbidden_arcanus:arcane_crystal":6,"byg:tall_allium":4,"immersive_armors:wooden_chestplate":1,"undead_unleashed:grave_metal_axe":4,"minecraft:baked_potato":126,"minecraft:coal":63,"immersive_armors:wooden_boots":2,"minecraft:ender_pearl":1,"enigmaticlegacy:magnet_ring":1},"minecraft:used":{"minecraft:iron_shovel":13,"cisco_mod:adventurer_chestplate":18,"minecraft:shield":117,"minecraft:iron_sword":175,"vinery:white_grape":2,"strictly_origins:damaged_durendal":12,"undead_unleashed:grave_metal_sword":8,"simplyswords:diamond_rapier":789,"endrem:old_eye":1,"minecraft:netherite_hoe":91,"simplyswords:iron_longsword":34,"minecraft:stone_brick_stairs":1,"ars_nouveau:source_berry":35,"minecraft:bow":24,"minecraft:written_book":1,"woodworks:birch_chest":12,"minecraft:potato":170,"vinery:white_grape_seeds":1,"simplyswords:iron_rapier":1002,"minecraft:oak_planks":12,"minecraft:ender_pearl":1,"minecraft:sugar_cane":3,"minecraft:golden_apple":5,"minecraft:light_blue_wool":1,"relics:horse_flute":22,"farmersdelight:ratatouille":17,"easy_villagers:villager":1,"minecraft:bread":129,"forbidden_arcanus:darkstone":14,"farmersdelight:ham":2,"atmospheric:shimmering_passion_fruit":3,"iter_rpg:wooden_scythe":1,"minecraft:diamond_sword":3,"forbidden_arcanus:splash_aureal_bottle":1,"minecraft:grindstone":1,"minecraft:smithing_table":1,"aquaculture:brown_shrooma":1,"minecraft:bone_meal":132,"delightful:acorn":4,"minecraft:experience_bottle":14,"cisco_mod:adventurer_leggings":17,"ironchest:wood_to_iron_chest_upgrade":2,"minecraft:stone_sword":1,"simplyswords:iron_claymore":7,"minecraft:flint_and_steel":4,"vinery:jungle_grapes_red":1,"aquaculture:iron_fillet_knife":2,"minecraft:torch":30,"minecraft:dirt":43,"ars_nouveau:bastion_pod":25,"minecraft:granite":3,"farmersdelight:beef_patty":6,"minecraft:iron_hoe":167,"minecraft:dark_oak_planks":16,"minecraft:chipped_anvil":1,"minecraft:bookshelf":1,"minecraft:iron_axe":72,"minecraft:cobbled_deepslate":65,"farmersdelight:iron_knife":3,"minecraft:water_bucket":5,"minecraft:birch_planks":12,"minecraft:baked_potato":115,"minecraft:birch_boat":2,"minecraft:salmon":1,"minecraft:oak_slab":3,"minecraft:crafting_table":12,"minecraft:red_bed":1,"bosses_of_mass_destruction:soul_star":1,"delightful:mini_melon":1,"farmersdelight:bacon_and_eggs":2,"cisco_mod:adventurer_helmet":18,"minecraft:apple":5,"darkerdepths:shale":1,"aquaculture:carp":2,"minecraft:iron_pickaxe":609,"byg:soapstone":1,"fantasyfurniture:furniture_station":1,"minecraft:cobblestone":228,"minecraft:potion":1,"woodworks:dark_oak_bookshelf":11,"cisco_mod:adventurer_boots":17,"minecraft:white_banner":3,"minecraft:bucket":5,"alexsmobs:animal_dictionary":1,"twigs:pebble":1,"minecraft:soul_torch":2,"irons_spellbooks:inscription_table":1,"minecraft:candle":3}},"DataVersion":3120}