{"stats":{"minecraft:used":{"irons_spellbooks:inscription_table":1,"cisco_mod:adventurer_chestplate":9,"minecraft:shield":76,"minecraft:iron_sword":174,"strictly_origins:damaged_durendal":12,"undead_unleashed:grave_metal_sword":2,"minecraft:stone_brick_stairs":1,"ars_nouveau:source_berry":2,"minecraft:bow":2,"minecraft:written_book":1,"woodworks:birch_chest":10,"minecraft:potato":10,"simplyswords:iron_rapier":535,"minecraft:oak_planks":12,"minecraft:golden_apple":5,"relics:horse_flute":22,"farmersdelight:ratatouille":17,"easy_villagers:villager":1,"minecraft:bread":92,"atmospheric:shimmering_passion_fruit":2,"farmersdelight:ham":2,"iter_rpg:wooden_scythe":1,"minecraft:diamond_sword":1,"minecraft:smithing_table":1,"aquaculture:brown_shrooma":1,"delightful:acorn":4,"minecraft:experience_bottle":1,"cisco_mod:adventurer_leggings":8,"ironchest:wood_to_iron_chest_upgrade":2,"simplyswords:iron_claymore":7,"minecraft:stone_sword":1,"aquaculture:iron_fillet_knife":2,"minecraft:torch":8,"minecraft:dirt":7,"farmersdelight:beef_patty":1,"minecraft:chipped_anvil":1,"minecraft:iron_axe":72,"farmersdelight:iron_knife":3,"minecraft:water_bucket":5,"minecraft:birch_planks":12,"minecraft:birch_boat":1,"minecraft:salmon":1,"minecraft:oak_slab":3,"minecraft:crafting_table":9,"minecraft:red_bed":1,"bosses_of_mass_destruction:soul_star":1,"farmersdelight:bacon_and_eggs":2,"cisco_mod:adventurer_helmet":8,"minecraft:apple":5,"minecraft:iron_pickaxe":43,"fantasyfurniture:furniture_station":1,"cisco_mod:adventurer_boots":5,"minecraft:bucket":5,"alexsmobs:animal_dictionary":1,"twigs:pebble":1,"minecraft:candle":3},"minecraft:killed_by":{"minecraft:piglin_brute":2,"minecraft:creeper":1,"enemyexpansion:slugger":1,"minecraft:drowned":1,"enemyexpansion:huntsman":1,"minecraft:player":5,"minecraft:stray":1,"mutantmonsters:mutant_skeleton":1,"minecraft:skeleton":4},"minecraft:crafted":{"minecraft:oak_planks":48,"minecraft:birch_boat":1,"minecraft:iron_boots":1,"cisco_mod:adventurer_boots":1,"cisco_mod:adventurer_helmet":1,"minecraft:crafting_table":4,"minecraft:smithing_table":1,"minecraft:birch_planks":184,"cisco_mod:adventurer_chestplate":1,"minecraft:iron_chestplate":2,"minecraft:shield":1,"minecraft:birch_fence":3,"minecraft:stick":8,"minecraft:iron_ingot":19,"minecraft:iron_pickaxe":2,"minecraft:gold_ingot":9,"minecraft:iron_axe":2,"minecraft:dark_oak_planks":216,"woodworks:birch_chest":9,"minecraft:air":0},"minecraft:broken":{"aether:iron_gloves":1,"aether:leather_gloves":1},"minecraft:mined":{"minecraft:grass_block":6,"twigs:twig":1,"ars_nouveau:sourceberry_bush":1,"minecraft:spawner":3,"woodworks:birch_chest":1,"minecraft:fire":1,"minecraft:oak_stairs":2,"minecraft:red_bed":1,"minecraft:torch":1,"minecraft:mushroom_stem":13,"minecraft:oak_planks":2,"byg:soapstone":1,"minecraft:birch_log":57,"minecraft:grass":10,"minecraft:oak_log":10,"minecraft:dirt":2,"minecraft:red_mushroom_block":18,"minecraft:oak_leaves":18,"minecraft:stripped_birch_log":1,"minecraft:dark_oak_log":11,"minecraft:hay_block":4,"minecraft:redstone_ore":1,"minecraft:shroomlight":1,"minecraft:vine":2,"minecraft:stone":5,"twigs:opaline_seashell":1,"minecraft:oak_slab":6,"twigs:pebble":1,"minecraft:warped_fence":2,"minecraft:crafting_table":3,"minecraft:birch_planks":4,"minecraft:birch_leaves":6,"minecraft:coal_ore":23,"minecraft:gravel":1,"minecraft:cobweb":3,"byg:tall_allium":1,"minecraft:fern":1},"minecraft:custom":{"enigmaticlegacy:play_time_with_seven_curses":0,"lootr:looted_stat":106,"minecraft:interact_with_crafting_table":44,"goblintraders:trade_with_goblin":8,"minecraft:bell_ring":1,"minecraft:leave_game":10,"minecraft:time_since_death":18285,"minecraft:damage_resisted":0,"minecraft:sprint_one_cm":985367,"minecraft:damage_blocked_by_shield":4700,"minecraft:drop":115,"minecraft:talked_to_villager":8,"minecraft:play_time":279309,"minecraft:deaths":17,"minecraft:jump":5955,"minecraft:walk_on_water_one_cm":47354,"minecraft:interact_with_furnace":1,"minecraft:interact_with_loom":2,"minecraft:sleep_in_bed":6,"minecraft:waystone_activated":2,"minecraft:damage_dealt":132995,"minecraft:player_kills":1,"minecraft:crouch_one_cm":2129,"minecraft:interact_with_smithing_table":2,"minecraft:mob_kills":187,"minecraft:interact_with_anvil":5,"minecraft:damage_dealt_resisted":300,"minecraft:climb_one_cm":17971,"minecraft:walk_one_cm":844823,"minecraft:sneak_time":962,"minecraft:walk_under_water_one_cm":26258,"minecraft:boat_one_cm":1102,"minecraft:interact_with_lectern":1,"minecraft:total_world_time":279309,"enigmaticlegacy:play_time_without_seven_curses":278409,"minecraft:time_since_rest":18315,"minecraft:damage_absorbed":161,"minecraft:damage_taken":14775,"minecraft:swim_one_cm":136219,"minecraft:fly_one_cm":1139696,"minecraft:open_chest":98,"minecraft:fall_one_cm":139936},"minecraft:killed":{"minecraft:spider":16,"enemyexpansion:equestrian":4,"minecraft:skeleton":13,"minecraft:bee":1,"minecraft:chicken":1,"whisperwoods:wisp":5,"minecraft:silverfish":2,"ecologics:coconut_crab":3,"minecraft:piglin_brute":12,"minecraft:piglin":5,"minecraft:pig":18,"minecraft:zombie_villager":1,"alexsmobs:seal":5,"majruszsdifficulty:tank":1,"irons_spellbooks:necromancer":1,"minecraft:creeper":4,"minecraft:sheep":1,"minecraft:pillager":7,"enemyexpansion:meature":7,"minecraft:zombie":33,"enemyexpansion:botfly":7,"minecraft:stray":1,"alexsmobs:fly":1,"undead_unleashed:haunter":6,"whisperwoods:moth":1,"minecraft:cow":10,"minecraft:vex":1,"alexsmobs:raccoon":1,"minecraft:vindicator":2,"alexsmobs:tasmanian_devil":1,"minecraft:drowned":2,"iter_rpg:hobgoblin":1,"enemyexpansion:goblin":4,"minecraft:husk":2,"alexsmobs:skunk":1,"enemyexpansion:sprinter":1,"majruszsdifficulty:cursed_armor":2,"sons_of_sins:betrayed_guzzler":1,"iter_rpg:goblin_warrior":2,"enemyexpansion:huntsman":1,"mutantmonsters:mutant_zombie":1},"minecraft:picked_up":{"aether:iron_gloves":1,"minecraft:enchanted_book":3,"minecraft:stone_brick_stairs":13,"simplyswords:iron_rapier":9,"minecraft:dark_oak_pressure_plate":1,"minecraft:string":39,"apotheosis:epic_material":3,"minecraft:experience_bottle":1,"minecraft:shroomlight":1,"irons_spellbooks:arcane_essence":9,"twigs:pebble":1,"bosses_of_mass_destruction:soul_star":1,"minecraft:bucket":1,"delightful:acorn":4,"minecraft:spruce_planks":1,"undead_unleashed:grave_metal_sword":4,"minecraft:rose_bush":1,"minecraft:written_book":2,"minecraft:iron_pickaxe":3,"farmersdelight:ratatouille":55,"ecologics:crab_claw":2,"minecraft:iron_boots":2,"minecraft:stick":3,"apotheosis:gem":29,"minecraft:deepslate_brick_wall":1,"minecraft:torch":5,"minecraft:spruce_stairs":1,"minecraft:porkchop":46,"enemyexpansion:meathead_helmet":1,"majruszsaccessories:dream_catcher":1,"quark:ancient_tome":3,"easy_villagers:villager":1,"minecraft:rotten_flesh":68,"cisco_mod:adventurer_leggings":3,"ars_nouveau:worn_notebook":1,"ecologics:coconut_log":1,"supplementaries:ash":3,"supplementaries:quiver":2,"minecraft:cobblestone":5,"minecraft:birch_log":103,"majruszsaccessories:tool_scraps":1,"woodworks:birch_chest":1,"minecraft:water_bucket":3,"delightful:animal_fat":4,"ars_nouveau:source_berry":2,"minecraft:lapis_lazuli":1,"minecraft:stripped_birch_log":1,"minecraft:dirt":10,"minecraft:lantern":1,"minecraft:bone":56,"farmersdelight:iron_knife":3,"minecraft:bow":10,"minecraft:wheat_seeds":3,"cisco_mod:adventurer_helmet":3,"twigs:twig":41,"minecraft:oak_planks":7,"irons_spellbooks:fireward_ring":3,"patchouli:guide_book":7,"undead_unleashed:grave_metal_leggings":1,"alexsmobs:animal_dictionary":3,"farmersdelight:ham":2,"iter_rpg:stone_geode":1,"minecraft:dark_oak_log":246,"majruszsaccessories:owl_feather":2,"minecraft:diamond":1,"minecraft:crossbow":1,"minecraft:golden_apple":37,"minecraft:chainmail_helmet":2,"minecraft:bread":100,"minecraft:emerald":30,"alexsmobs:maggot":2,"iter_rpg:spawner_fragment":2,"minecraft:crafting_table":5,"byg:soapstone":1,"minecraft:gold_block":11,"minecraft:shield":8,"aether:leather_gloves":1,"minecraft:red_bed":2,"minecraft:wooden_sword":1,"forbidden_arcanus:cherry_planks":24,"minecraft:iron_axe":4,"skilltree:wisdom_scroll":3,"minecraft:netherite_scrap":4,"minecraft:white_carpet":1,"minecraft:warped_fence":2,"cisco_mod:adventurer_chestplate":3,"simplyswords:runic_tablet":1,"farmersdelight:beef_patty":3,"simplyswords:iron_longsword":1,"minecraft:beef":3,"iter_rpg:coin":4,"immersive_armors:wooden_leggings":1,"minecraft:iron_nugget":22,"minecraft:spruce_slab":12,"minecraft:birch_sapling":18,"minecraft:spruce_trapdoor":2,"minecraft:dark_oak_sapling":14,"minecraft:raw_iron":8,"ecologics:coconut_slice":4,"minecraft:bowl":2,"sophisticatedbackpacks:backpack":1,"minecraft:carrot":20,"minecraft:redstone":10,"minecraft:dark_oak_planks":1,"minecraft:arrow":196,"minecraft:hay_block":3,"minecraft:gold_ingot":24,"cisco_mod:champion_coin":2,"forbidden_arcanus:spawner_scrap":7,"minecraft:salmon":1,"minecraft:leather":10,"forbidden_arcanus:zombie_arm":1,"minecraft:red_mushroom":4,"minecraft:birch_planks":37,"minecraft:filled_map":1,"simplyswords:iron_claymore":3,"minecraft:oak_log":12,"strictly_origins:damaged_durendal":3,"minecraft:gunpowder":4,"minecraft:cobblestone_wall":6,"cisco_mod:adventurer_boots":4,"farmersdelight:flint_knife":2,"minecraft:paper":6,"minecraft:apple":1,"minecraft:stone_bricks":20,"minecraft:iron_ingot":35,"apotheosis:gem_dust":2,"minecraft:iron_sword":10,"minecraft:book":7,"minecraft:oak_slab":7,"enigmaticlegacy:enigmatic_amulet":3,"undead_unleashed:grave_metal_scrap":28,"aquaculture:iron_fillet_knife":2,"minecraft:spider_eye":6,"farmersdelight:bacon_and_eggs":11,"byg:tall_allium":1,"immersive_armors:wooden_chestplate":1,"undead_unleashed:grave_metal_axe":1,"minecraft:coal":22,"immersive_armors:wooden_boots":2},"minecraft:dropped":{"aquaculture:iron_fillet_knife":1,"minecraft:iron_sword":3,"cisco_mod:adventurer_helmet":2,"minecraft:porkchop":21,"minecraft:birch_planks":2,"minecraft:diamond":3,"minecraft:crossbow":1,"minecraft:lantern":1,"minecraft:leather":4,"iter_rpg:stone_geode":1,"cisco_mod:adventurer_leggings":2,"undead_unleashed:grave_metal_scrap":20,"minecraft:red_mushroom":3,"minecraft:dirt":1,"minecraft:netherite_scrap":1,"minecraft:mutton":6,"irons_spellbooks:arcane_essence":3,"immersive_armors:wooden_chestplate":1,"quark:ancient_tome":1,"farmersdelight:mutton_chops":5,"minecraft:bone":1,"simplyswords:runic_tablet":2,"minecraft:iron_nugget":5,"minecraft:birch_sapling":8,"immersive_armors:wooden_boots":2,"minecraft:beetroot":4,"minecraft:rotten_flesh":34,"minecraft:oak_planks":1,"iter_rpg:spawner_fragment":1,"patchouli:guide_book":3,"minecraft:gunpowder":4,"apotheosis:gem":6,"minecraft:arrow":3,"minecraft:beef":10,"minecraft:written_book":2,"minecraft:enchanted_book":1,"minecraft:iron_ingot":18,"minecraft:wheat_seeds":3,"cisco_mod:adventurer_chestplate":2,"minecraft:chainmail_helmet":1,"apotheosis:epic_material":1,"minecraft:stick":3,"origins:orb_of_origin":1,"forbidden_arcanus:cherry_planks":24,"minecraft:rose_bush":1,"forbidden_arcanus:spawner_scrap":2,"simplyswords:iron_rapier":2,"minecraft:iron_axe":1,"minecraft:paper":12,"minecraft:string":6,"minecraft:redstone":10,"cisco_mod:adventurer_boots":2,"relics:hunter_belt":1,"minecraft:bowl":15,"majruszsaccessories:owl_feather":1,"minecraft:iron_boots":3,"undead_unleashed:grave_metal_sword":1,"enigmaticlegacy:cursed_ring":1,"minecraft:filled_map":1,"minecraft:shroomlight":1,"simplyswords:iron_scythe":1,"minecraft:shield":4,"farmersdelight:flint_knife":1,"minecraft:spruce_planks":1,"minecraft:warped_fence":2,"farmersdelight:minced_beef":12,"simplyswords:iron_longsword":1,"minecraft:bow":4,"delightful:animal_fat":4,"undead_unleashed:grave_metal_leggings":1,"immersive_armors:wooden_helmet":1,"simplyswords:iron_claymore":2}},"DataVersion":3120}