{"stats":{"minecraft:used":{"irons_spellbooks:inscription_table":1,"cisco_mod:adventurer_leggings":4,"ironchest:wood_to_iron_chest_upgrade":2,"minecraft:stone_sword":1,"simplyswords:iron_claymore":7,"cisco_mod:adventurer_chestplate":5,"minecraft:shield":45,"minecraft:iron_sword":174,"aquaculture:iron_fillet_knife":2,"strictly_origins:damaged_durendal":12,"undead_unleashed:grave_metal_sword":2,"minecraft:torch":8,"minecraft:dirt":7,"farmersdelight:beef_patty":1,"minecraft:chipped_anvil":1,"minecraft:iron_axe":72,"minecraft:stone_brick_stairs":1,"ars_nouveau:source_berry":2,"minecraft:bow":2,"minecraft:written_book":1,"woodworks:birch_chest":10,"farmersdelight:iron_knife":3,"minecraft:water_bucket":5,"simplyswords:iron_rapier":306,"minecraft:oak_planks":12,"minecraft:salmon":1,"minecraft:golden_apple":5,"minecraft:oak_slab":3,"minecraft:crafting_table":8,"minecraft:red_bed":1,"farmersdelight:bacon_and_eggs":2,"relics:horse_flute":22,"farmersdelight:ratatouille":17,"cisco_mod:adventurer_helmet":4,"easy_villagers:villager":1,"minecraft:apple":5,"minecraft:bread":57,"minecraft:iron_pickaxe":4,"farmersdelight:ham":2,"iter_rpg:wooden_scythe":1,"cisco_mod:adventurer_boots":3,"minecraft:bucket":5,"alexsmobs:animal_dictionary":1,"aquaculture:brown_shrooma":1,"delightful:acorn":4,"minecraft:candle":3},"minecraft:killed_by":{"minecraft:player":3,"minecraft:piglin_brute":2,"minecraft:creeper":1,"enemyexpansion:slugger":1,"minecraft:drowned":1,"mutantmonsters:mutant_skeleton":1,"minecraft:skeleton":3},"minecraft:crafted":{"minecraft:oak_planks":48,"minecraft:iron_boots":1,"minecraft:iron_axe":2,"cisco_mod:adventurer_boots":1,"minecraft:dark_oak_planks":216,"cisco_mod:adventurer_helmet":1,"woodworks:birch_chest":9,"minecraft:crafting_table":3,"minecraft:birch_planks":184,"minecraft:air":0,"cisco_mod:adventurer_chestplate":1,"minecraft:iron_chestplate":2,"minecraft:shield":1,"minecraft:iron_pickaxe":2,"minecraft:birch_fence":3,"minecraft:stick":8,"minecraft:iron_ingot":19,"minecraft:gold_ingot":9},"minecraft:broken":{"aether:leather_gloves":1},"minecraft:mined":{"minecraft:dark_oak_log":11,"minecraft:grass_block":6,"twigs:twig":1,"ars_nouveau:sourceberry_bush":1,"minecraft:spawner":2,"woodworks:birch_chest":1,"minecraft:hay_block":4,"minecraft:redstone_ore":1,"minecraft:fire":1,"minecraft:shroomlight":1,"minecraft:oak_stairs":2,"minecraft:oak_slab":6,"minecraft:red_bed":1,"minecraft:warped_fence":2,"minecraft:crafting_table":3,"minecraft:torch":1,"minecraft:mushroom_stem":7,"minecraft:oak_planks":2,"minecraft:birch_planks":2,"minecraft:birch_log":57,"minecraft:birch_leaves":5,"minecraft:grass":7,"minecraft:oak_log":10,"minecraft:coal_ore":1,"minecraft:gravel":1,"minecraft:dirt":2,"minecraft:cobweb":3,"minecraft:red_mushroom_block":18,"minecraft:oak_leaves":18,"minecraft:fern":1},"minecraft:custom":{"enigmaticlegacy:play_time_with_seven_curses":0,"lootr:looted_stat":96,"minecraft:interact_with_anvil":1,"minecraft:mob_kills":128,"minecraft:interact_with_crafting_table":39,"goblintraders:trade_with_goblin":8,"minecraft:bell_ring":1,"minecraft:damage_dealt_resisted":264,"minecraft:leave_game":8,"minecraft:time_since_death":17189,"minecraft:climb_one_cm":15121,"minecraft:damage_resisted":0,"minecraft:sprint_one_cm":749179,"minecraft:walk_one_cm":660207,"minecraft:damage_blocked_by_shield":2731,"minecraft:drop":108,"minecraft:talked_to_villager":6,"minecraft:play_time":220494,"minecraft:deaths":12,"minecraft:sneak_time":798,"minecraft:walk_under_water_one_cm":9849,"minecraft:interact_with_lectern":1,"minecraft:boat_one_cm":550,"minecraft:jump":4559,"minecraft:walk_on_water_one_cm":25288,"minecraft:total_world_time":220494,"minecraft:interact_with_furnace":1,"enigmaticlegacy:play_time_without_seven_curses":219749,"minecraft:interact_with_loom":2,"minecraft:sleep_in_bed":4,"minecraft:time_since_rest":17216,"minecraft:damage_taken":10726,"minecraft:damage_absorbed":161,"minecraft:damage_dealt":84098,"minecraft:fly_one_cm":868247,"minecraft:swim_one_cm":94234,"minecraft:open_chest":74,"minecraft:crouch_one_cm":1989,"minecraft:fall_one_cm":110948,"minecraft:interact_with_smithing_table":1},"minecraft:killed":{"minecraft:vex":1,"minecraft:vindicator":2,"alexsmobs:raccoon":1,"minecraft:spider":8,"enemyexpansion:equestrian":3,"alexsmobs:tasmanian_devil":1,"minecraft:skeleton":13,"minecraft:bee":1,"whisperwoods:wisp":3,"ecologics:coconut_crab":2,"minecraft:silverfish":2,"minecraft:drowned":2,"iter_rpg:hobgoblin":1,"minecraft:piglin_brute":4,"enemyexpansion:goblin":2,"minecraft:husk":2,"minecraft:pig":12,"alexsmobs:skunk":1,"majruszsdifficulty:tank":1,"irons_spellbooks:necromancer":1,"minecraft:creeper":4,"minecraft:pillager":7,"enemyexpansion:meature":4,"minecraft:zombie":31,"enemyexpansion:huntsman":1,"iter_rpg:goblin_warrior":2,"enemyexpansion:botfly":7,"minecraft:stray":1,"alexsmobs:fly":1,"undead_unleashed:haunter":4,"whisperwoods:moth":1,"minecraft:cow":4},"minecraft:picked_up":{"minecraft:crafting_table":5,"aether:iron_gloves":1,"minecraft:gold_block":11,"minecraft:enchanted_book":3,"minecraft:stone_brick_stairs":13,"simplyswords:iron_rapier":8,"minecraft:shield":8,"aether:leather_gloves":1,"apotheosis:epic_material":3,"minecraft:string":37,"minecraft:dark_oak_pressure_plate":1,"minecraft:red_bed":2,"forbidden_arcanus:cherry_planks":24,"minecraft:iron_axe":4,"skilltree:wisdom_scroll":3,"minecraft:wooden_sword":1,"minecraft:netherite_scrap":4,"minecraft:white_carpet":1,"minecraft:warped_fence":2,"minecraft:shroomlight":1,"farmersdelight:beef_patty":3,"cisco_mod:adventurer_chestplate":3,"irons_spellbooks:arcane_essence":9,"simplyswords:runic_tablet":1,"delightful:acorn":4,"undead_unleashed:grave_metal_sword":4,"minecraft:bucket":1,"simplyswords:iron_longsword":1,"minecraft:spruce_planks":1,"iter_rpg:coin":4,"minecraft:beef":3,"minecraft:rose_bush":1,"immersive_armors:wooden_leggings":1,"minecraft:written_book":2,"minecraft:iron_nugget":22,"minecraft:iron_pickaxe":3,"minecraft:spruce_slab":12,"minecraft:birch_sapling":18,"farmersdelight:ratatouille":55,"minecraft:spruce_trapdoor":2,"ecologics:crab_claw":1,"minecraft:iron_boots":2,"minecraft:dark_oak_sapling":14,"minecraft:stick":3,"minecraft:raw_iron":8,"apotheosis:gem":25,"minecraft:deepslate_brick_wall":1,"ecologics:coconut_slice":4,"minecraft:torch":5,"minecraft:bowl":2,"minecraft:spruce_stairs":1,"minecraft:porkchop":43,"minecraft:carrot":20,"minecraft:redstone":5,"enemyexpansion:meathead_helmet":1,"easy_villagers:villager":1,"quark:ancient_tome":3,"minecraft:arrow":194,"minecraft:rotten_flesh":67,"cisco_mod:adventurer_leggings":3,"ars_nouveau:worn_notebook":1,"minecraft:hay_block":3,"ecologics:coconut_log":1,"minecraft:gold_ingot":24,"supplementaries:quiver":2,"supplementaries:ash":3,"cisco_mod:champion_coin":2,"forbidden_arcanus:spawner_scrap":6,"minecraft:birch_log":103,"woodworks:birch_chest":1,"delightful:animal_fat":4,"minecraft:water_bucket":3,"minecraft:salmon":1,"minecraft:leather":9,"ars_nouveau:source_berry":2,"forbidden_arcanus:zombie_arm":1,"minecraft:red_mushroom":4,"minecraft:filled_map":1,"minecraft:birch_planks":35,"simplyswords:iron_claymore":3,"strictly_origins:damaged_durendal":3,"minecraft:oak_log":12,"minecraft:gunpowder":4,"minecraft:cobblestone_wall":6,"cisco_mod:adventurer_boots":4,"farmersdelight:flint_knife":2,"minecraft:lapis_lazuli":1,"minecraft:dirt":10,"minecraft:paper":6,"minecraft:lantern":1,"minecraft:bone":56,"farmersdelight:iron_knife":3,"minecraft:apple":1,"minecraft:stone_bricks":20,"minecraft:bow":10,"minecraft:wheat_seeds":1,"cisco_mod:adventurer_helmet":3,"minecraft:iron_ingot":35,"twigs:twig":41,"apotheosis:gem_dust":2,"minecraft:iron_sword":10,"minecraft:oak_planks":7,"minecraft:book":7,"minecraft:oak_slab":7,"irons_spellbooks:fireward_ring":2,"patchouli:guide_book":7,"undead_unleashed:grave_metal_leggings":1,"enigmaticlegacy:enigmatic_amulet":3,"minecraft:dark_oak_log":246,"aquaculture:iron_fillet_knife":2,"undead_unleashed:grave_metal_scrap":28,"iter_rpg:stone_geode":1,"farmersdelight:ham":2,"minecraft:spider_eye":4,"alexsmobs:animal_dictionary":3,"farmersdelight:bacon_and_eggs":11,"majruszsaccessories:owl_feather":2,"minecraft:diamond":1,"immersive_armors:wooden_chestplate":1,"minecraft:crossbow":1,"minecraft:golden_apple":37,"minecraft:emerald":16,"undead_unleashed:grave_metal_axe":1,"minecraft:chainmail_helmet":2,"minecraft:bread":84,"alexsmobs:maggot":2,"immersive_armors:wooden_boots":2},"minecraft:dropped":{"minecraft:enchanted_book":1,"minecraft:iron_ingot":18,"minecraft:iron_sword":3,"cisco_mod:adventurer_helmet":2,"minecraft:birch_planks":2,"minecraft:porkchop":21,"minecraft:wheat_seeds":1,"minecraft:crossbow":1,"minecraft:lantern":1,"minecraft:leather":4,"cisco_mod:adventurer_chestplate":2,"iter_rpg:stone_geode":1,"cisco_mod:adventurer_leggings":2,"undead_unleashed:grave_metal_scrap":20,"apotheosis:epic_material":1,"minecraft:chainmail_helmet":1,"minecraft:red_mushroom":3,"minecraft:stick":3,"minecraft:dirt":1,"origins:orb_of_origin":1,"minecraft:netherite_scrap":1,"minecraft:mutton":6,"forbidden_arcanus:cherry_planks":24,"minecraft:rose_bush":1,"forbidden_arcanus:spawner_scrap":2,"irons_spellbooks:arcane_essence":3,"minecraft:iron_axe":1,"simplyswords:iron_rapier":2,"immersive_armors:wooden_chestplate":1,"minecraft:paper":12,"minecraft:string":6,"farmersdelight:mutton_chops":5,"quark:ancient_tome":1,"minecraft:bone":1,"minecraft:redstone":5,"simplyswords:runic_tablet":2,"cisco_mod:adventurer_boots":2,"minecraft:iron_nugget":5,"relics:hunter_belt":1,"minecraft:bowl":15,"majruszsaccessories:owl_feather":1,"immersive_armors:wooden_boots":2,"minecraft:beetroot":4,"minecraft:rotten_flesh":34,"minecraft:oak_planks":1,"minecraft:iron_boots":3,"undead_unleashed:grave_metal_sword":1,"patchouli:guide_book":3,"enigmaticlegacy:cursed_ring":1,"minecraft:filled_map":1,"farmersdelight:flint_knife":1,"minecraft:shroomlight":1,"simplyswords:iron_scythe":1,"minecraft:shield":4,"minecraft:gunpowder":4,"minecraft:warped_fence":2,"minecraft:spruce_planks":1,"apotheosis:gem":6,"farmersdelight:minced_beef":12,"simplyswords:iron_longsword":1,"minecraft:beef":10,"minecraft:arrow":1,"minecraft:bow":4,"delightful:animal_fat":4,"undead_unleashed:grave_metal_leggings":1,"minecraft:written_book":2,"immersive_armors:wooden_helmet":1,"simplyswords:iron_claymore":2,"aquaculture:iron_fillet_knife":1}},"DataVersion":3120}