{"stats":{"minecraft:used":{"simplyswords:iron_claymore":4,"minecraft:stone_sword":1,"cisco_mod:adventurer_chestplate":1,"minecraft:shield":15,"minecraft:iron_sword":168,"strictly_origins:damaged_durendal":12,"minecraft:torch":6,"minecraft:dirt":1,"minecraft:iron_axe":4,"minecraft:bow":2,"minecraft:written_book":1,"simplyswords:iron_rapier":50,"minecraft:oak_planks":12,"minecraft:golden_apple":5,"minecraft:oak_slab":3,"minecraft:crafting_table":6,"farmersdelight:ratatouille":4,"minecraft:bread":14,"iter_rpg:wooden_scythe":1,"alexsmobs:animal_dictionary":1,"minecraft:candle":3},"minecraft:killed_by":{"minecraft:player":2,"minecraft:skeleton":1},"minecraft:mined":{"minecraft:grass_block":1,"minecraft:oak_stairs":2,"minecraft:oak_slab":6,"minecraft:crafting_table":3,"minecraft:torch":1,"minecraft:oak_planks":2,"minecraft:oak_log":10,"minecraft:gravel":1,"minecraft:cobweb":3,"minecraft:oak_leaves":16},"minecraft:crafted":{"minecraft:oak_planks":48,"minecraft:crafting_table":1,"cisco_mod:adventurer_chestplate":1,"minecraft:iron_chestplate":1,"minecraft:stick":4,"minecraft:iron_ingot":3,"minecraft:gold_ingot":9},"minecraft:broken":{"aether:leather_gloves":1},"minecraft:dropped":{"minecraft:iron_sword":1,"minecraft:porkchop":2,"minecraft:crossbow":1,"minecraft:lantern":1,"iter_rpg:stone_geode":1,"undead_unleashed:grave_metal_scrap":20,"minecraft:chainmail_helmet":1,"minecraft:stick":3,"origins:orb_of_origin":1,"minecraft:netherite_scrap":1,"forbidden_arcanus:cherry_planks":24,"forbidden_arcanus:spawner_scrap":2,"immersive_armors:wooden_chestplate":1,"minecraft:paper":12,"minecraft:bone":1,"simplyswords:runic_tablet":2,"minecraft:iron_nugget":5,"minecraft:bowl":6,"immersive_armors:wooden_boots":2,"minecraft:beetroot":4,"minecraft:rotten_flesh":6,"minecraft:iron_boots":3,"minecraft:oak_planks":1,"patchouli:guide_book":2,"enigmaticlegacy:cursed_ring":1,"minecraft:filled_map":1,"minecraft:shield":1,"minecraft:gunpowder":4,"apotheosis:gem":6,"simplyswords:iron_longsword":1,"minecraft:arrow":1,"undead_unleashed:grave_metal_leggings":1,"minecraft:written_book":2,"immersive_armors:wooden_helmet":1},"minecraft:picked_up":{"minecraft:crafting_table":5,"minecraft:gold_block":5,"simplyswords:iron_rapier":1,"minecraft:shield":4,"aether:leather_gloves":1,"apotheosis:epic_material":2,"minecraft:dark_oak_pressure_plate":1,"minecraft:string":20,"minecraft:red_bed":1,"minecraft:wooden_sword":1,"minecraft:iron_axe":1,"forbidden_arcanus:cherry_planks":24,"skilltree:wisdom_scroll":3,"minecraft:netherite_scrap":4,"minecraft:white_carpet":1,"cisco_mod:adventurer_chestplate":1,"simplyswords:runic_tablet":1,"simplyswords:iron_longsword":1,"minecraft:bucket":1,"immersive_armors:wooden_leggings":1,"minecraft:written_book":2,"minecraft:iron_nugget":20,"farmersdelight:ratatouille":32,"minecraft:iron_boots":2,"minecraft:stick":3,"apotheosis:gem":14,"minecraft:torch":3,"minecraft:bowl":2,"minecraft:porkchop":6,"minecraft:carrot":20,"quark:ancient_tome":1,"minecraft:arrow":120,"minecraft:rotten_flesh":53,"cisco_mod:adventurer_leggings":1,"ars_nouveau:worn_notebook":1,"minecraft:gold_ingot":2,"supplementaries:ash":3,"supplementaries:quiver":1,"forbidden_arcanus:spawner_scrap":3,"forbidden_arcanus:zombie_arm":1,"minecraft:filled_map":1,"simplyswords:iron_claymore":1,"minecraft:oak_log":12,"strictly_origins:damaged_durendal":2,"minecraft:gunpowder":4,"cisco_mod:adventurer_boots":2,"minecraft:lapis_lazuli":1,"minecraft:paper":6,"minecraft:dirt":1,"minecraft:lantern":1,"minecraft:bone":54,"farmersdelight:iron_knife":2,"minecraft:bow":3,"cisco_mod:adventurer_helmet":1,"minecraft:iron_ingot":7,"apotheosis:gem_dust":2,"minecraft:iron_sword":5,"minecraft:oak_planks":7,"minecraft:book":6,"minecraft:oak_slab":7,"patchouli:guide_book":4,"enigmaticlegacy:enigmatic_amulet":1,"undead_unleashed:grave_metal_leggings":1,"undead_unleashed:grave_metal_scrap":20,"iter_rpg:stone_geode":1,"minecraft:spider_eye":4,"alexsmobs:animal_dictionary":2,"farmersdelight:bacon_and_eggs":10,"majruszsaccessories:owl_feather":2,"immersive_armors:wooden_chestplate":1,"minecraft:crossbow":1,"minecraft:chainmail_helmet":2,"minecraft:golden_apple":37,"minecraft:emerald":2,"undead_unleashed:grave_metal_axe":1,"minecraft:bread":39,"alexsmobs:maggot":2,"immersive_armors:wooden_boots":2},"minecraft:custom":{"enigmaticlegacy:play_time_with_seven_curses":0,"lootr:looted_stat":26,"minecraft:mob_kills":70,"minecraft:interact_with_crafting_table":9,"minecraft:damage_dealt_resisted":264,"minecraft:leave_game":3,"minecraft:time_since_death":13387,"minecraft:climb_one_cm":3290,"minecraft:damage_resisted":0,"minecraft:sprint_one_cm":211137,"minecraft:walk_one_cm":259748,"minecraft:damage_blocked_by_shield":637,"minecraft:drop":49,"minecraft:talked_to_villager":1,"minecraft:play_time":87234,"minecraft:deaths":3,"minecraft:sneak_time":176,"minecraft:walk_under_water_one_cm":2640,"minecraft:jump":1394,"minecraft:walk_on_water_one_cm":5773,"minecraft:total_world_time":87234,"enigmaticlegacy:play_time_without_seven_curses":87042,"minecraft:interact_with_loom":2,"minecraft:time_since_rest":13488,"minecraft:damage_taken":3138,"minecraft:damage_absorbed":161,"minecraft:damage_dealt":23286,"minecraft:fly_one_cm":207670,"minecraft:swim_one_cm":35446,"minecraft:open_chest":1,"minecraft:crouch_one_cm":827,"minecraft:fall_one_cm":25356},"minecraft:killed":{"minecraft:vex":1,"alexsmobs:raccoon":1,"enemyexpansion:equestrian":1,"minecraft:spider":6,"minecraft:skeleton":9,"minecraft:drowned":2,"enemyexpansion:goblin":2,"minecraft:husk":2,"minecraft:pig":2,"majruszsdifficulty:tank":1,"minecraft:creeper":4,"enemyexpansion:meature":1,"minecraft:zombie":28,"enemyexpansion:huntsman":1,"enemyexpansion:botfly":7,"minecraft:stray":1,"alexsmobs:fly":1,"undead_unleashed:haunter":3}},"DataVersion":3120}