{"stats":{"minecraft:used":{"cisco_mod:adventurer_leggings":2,"simplyswords:iron_claymore":7,"minecraft:stone_sword":1,"cisco_mod:adventurer_chestplate":3,"minecraft:shield":28,"minecraft:iron_sword":174,"strictly_origins:damaged_durendal":12,"minecraft:torch":8,"minecraft:dirt":5,"minecraft:chipped_anvil":1,"minecraft:iron_axe":4,"minecraft:stone_brick_stairs":1,"ars_nouveau:source_berry":2,"minecraft:bow":2,"minecraft:written_book":1,"farmersdelight:iron_knife":3,"minecraft:water_bucket":5,"simplyswords:iron_rapier":164,"minecraft:oak_planks":12,"minecraft:salmon":1,"minecraft:golden_apple":5,"minecraft:oak_slab":3,"minecraft:crafting_table":7,"minecraft:red_bed":1,"farmersdelight:bacon_and_eggs":2,"farmersdelight:ratatouille":4,"cisco_mod:adventurer_helmet":2,"minecraft:bread":32,"minecraft:iron_pickaxe":2,"farmersdelight:ham":2,"iter_rpg:wooden_scythe":1,"cisco_mod:adventurer_boots":1,"aquaculture:brown_shrooma":1,"minecraft:bucket":5,"alexsmobs:animal_dictionary":1,"minecraft:candle":3},"minecraft:killed_by":{"minecraft:player":3,"minecraft:piglin_brute":2,"mutantmonsters:mutant_skeleton":1,"minecraft:skeleton":2},"minecraft:crafted":{"minecraft:oak_planks":48,"minecraft:crafting_table":2,"minecraft:air":0,"cisco_mod:adventurer_chestplate":1,"minecraft:iron_chestplate":1,"minecraft:stick":4,"minecraft:iron_pickaxe":1,"minecraft:iron_ingot":19,"minecraft:gold_ingot":9},"minecraft:broken":{"aether:leather_gloves":1},"minecraft:mined":{"minecraft:grass_block":6,"ars_nouveau:sourceberry_bush":1,"minecraft:spawner":1,"minecraft:shroomlight":1,"minecraft:oak_stairs":2,"minecraft:oak_slab":6,"minecraft:red_bed":1,"minecraft:crafting_table":3,"minecraft:torch":1,"minecraft:mushroom_stem":6,"minecraft:oak_planks":2,"minecraft:birch_planks":2,"minecraft:birch_leaves":4,"minecraft:coal_ore":1,"minecraft:oak_log":10,"minecraft:gravel":1,"minecraft:dirt":2,"minecraft:cobweb":3,"minecraft:red_mushroom_block":18,"minecraft:oak_leaves":18,"minecraft:fern":1},"minecraft:custom":{"enigmaticlegacy:play_time_with_seven_curses":0,"lootr:looted_stat":56,"minecraft:mob_kills":91,"minecraft:interact_with_crafting_table":12,"goblintraders:trade_with_goblin":8,"minecraft:bell_ring":1,"minecraft:damage_dealt_resisted":264,"minecraft:leave_game":4,"minecraft:time_since_death":1307,"minecraft:climb_one_cm":7856,"minecraft:damage_resisted":0,"minecraft:sprint_one_cm":355298,"minecraft:walk_one_cm":408044,"minecraft:damage_blocked_by_shield":1643,"minecraft:drop":64,"minecraft:talked_to_villager":2,"minecraft:play_time":131203,"minecraft:deaths":8,"minecraft:sneak_time":467,"minecraft:walk_under_water_one_cm":6195,"minecraft:boat_one_cm":550,"minecraft:jump":2342,"minecraft:walk_on_water_one_cm":14059,"minecraft:total_world_time":131203,"minecraft:interact_with_furnace":1,"enigmaticlegacy:play_time_without_seven_curses":130618,"minecraft:interact_with_loom":2,"minecraft:sleep_in_bed":2,"minecraft:time_since_rest":1334,"minecraft:damage_taken":6840,"minecraft:damage_absorbed":161,"minecraft:damage_dealt":45615,"minecraft:swim_one_cm":38351,"minecraft:fly_one_cm":377328,"minecraft:open_chest":1,"minecraft:crouch_one_cm":1294,"minecraft:fall_one_cm":60065},"minecraft:killed":{"minecraft:vex":1,"alexsmobs:raccoon":1,"enemyexpansion:equestrian":2,"minecraft:spider":7,"minecraft:skeleton":12,"minecraft:drowned":2,"iter_rpg:hobgoblin":1,"minecraft:piglin_brute":4,"enemyexpansion:goblin":2,"minecraft:husk":2,"minecraft:pig":5,"majruszsdifficulty:tank":1,"minecraft:creeper":4,"enemyexpansion:meature":1,"minecraft:zombie":29,"iter_rpg:goblin_warrior":2,"minecraft:stray":1,"enemyexpansion:huntsman":1,"enemyexpansion:botfly":7,"alexsmobs:fly":1,"undead_unleashed:haunter":3,"whisperwoods:moth":1,"minecraft:cow":3},"minecraft:picked_up":{"minecraft:crafting_table":5,"minecraft:gold_block":9,"minecraft:stone_brick_stairs":1,"simplyswords:iron_rapier":3,"minecraft:shield":5,"aether:leather_gloves":1,"minecraft:red_bed":2,"minecraft:string":31,"minecraft:dark_oak_pressure_plate":1,"apotheosis:epic_material":3,"minecraft:iron_axe":1,"forbidden_arcanus:cherry_planks":24,"skilltree:wisdom_scroll":3,"minecraft:wooden_sword":1,"minecraft:white_carpet":1,"minecraft:netherite_scrap":4,"minecraft:shroomlight":1,"cisco_mod:adventurer_chestplate":1,"simplyswords:runic_tablet":1,"minecraft:bucket":1,"simplyswords:iron_longsword":1,"iter_rpg:coin":2,"undead_unleashed:grave_metal_sword":1,"immersive_armors:wooden_leggings":1,"minecraft:written_book":2,"minecraft:iron_nugget":22,"farmersdelight:ratatouille":32,"minecraft:iron_boots":2,"minecraft:stick":3,"minecraft:raw_iron":8,"apotheosis:gem":14,"minecraft:torch":5,"minecraft:bowl":2,"minecraft:porkchop":14,"minecraft:carrot":20,"quark:ancient_tome":1,"minecraft:arrow":151,"minecraft:rotten_flesh":56,"cisco_mod:adventurer_leggings":1,"ars_nouveau:worn_notebook":1,"minecraft:gold_ingot":2,"supplementaries:quiver":1,"supplementaries:ash":3,"cisco_mod:champion_coin":1,"forbidden_arcanus:spawner_scrap":3,"minecraft:water_bucket":2,"ars_nouveau:source_berry":2,"minecraft:leather":8,"forbidden_arcanus:zombie_arm":1,"minecraft:red_mushroom":4,"minecraft:filled_map":1,"minecraft:birch_planks":4,"simplyswords:iron_claymore":3,"minecraft:oak_log":12,"strictly_origins:damaged_durendal":2,"minecraft:gunpowder":4,"cisco_mod:adventurer_boots":2,"minecraft:lapis_lazuli":1,"minecraft:dirt":8,"minecraft:paper":6,"minecraft:lantern":1,"minecraft:bone":56,"farmersdelight:iron_knife":2,"minecraft:bow":3,"minecraft:wheat_seeds":1,"cisco_mod:adventurer_helmet":1,"minecraft:iron_ingot":9,"apotheosis:gem_dust":2,"minecraft:iron_sword":6,"minecraft:oak_planks":7,"minecraft:book":6,"minecraft:oak_slab":7,"patchouli:guide_book":4,"undead_unleashed:grave_metal_leggings":1,"enigmaticlegacy:enigmatic_amulet":2,"undead_unleashed:grave_metal_scrap":24,"farmersdelight:ham":2,"iter_rpg:stone_geode":1,"minecraft:spider_eye":4,"alexsmobs:animal_dictionary":2,"farmersdelight:bacon_and_eggs":11,"majruszsaccessories:owl_feather":2,"immersive_armors:wooden_chestplate":1,"minecraft:crossbow":1,"minecraft:chainmail_helmet":2,"minecraft:golden_apple":37,"undead_unleashed:grave_metal_axe":1,"minecraft:emerald":2,"minecraft:bread":69,"alexsmobs:maggot":2,"immersive_armors:wooden_boots":2},"minecraft:dropped":{"minecraft:iron_ingot":18,"minecraft:iron_sword":2,"minecraft:birch_planks":2,"minecraft:porkchop":2,"minecraft:wheat_seeds":1,"minecraft:crossbow":1,"minecraft:lantern":1,"minecraft:leather":4,"iter_rpg:stone_geode":1,"undead_unleashed:grave_metal_scrap":20,"minecraft:chainmail_helmet":1,"apotheosis:epic_material":1,"minecraft:red_mushroom":3,"minecraft:stick":3,"minecraft:dirt":1,"origins:orb_of_origin":1,"minecraft:netherite_scrap":1,"forbidden_arcanus:cherry_planks":24,"forbidden_arcanus:spawner_scrap":2,"immersive_armors:wooden_chestplate":1,"minecraft:paper":12,"minecraft:bone":1,"simplyswords:runic_tablet":2,"minecraft:iron_nugget":5,"minecraft:bowl":8,"majruszsaccessories:owl_feather":1,"immersive_armors:wooden_boots":2,"minecraft:beetroot":4,"minecraft:rotten_flesh":30,"minecraft:oak_planks":1,"minecraft:iron_boots":3,"patchouli:guide_book":2,"enigmaticlegacy:cursed_ring":1,"minecraft:filled_map":1,"minecraft:shroomlight":1,"minecraft:shield":2,"minecraft:gunpowder":4,"apotheosis:gem":6,"simplyswords:iron_longsword":1,"minecraft:arrow":1,"undead_unleashed:grave_metal_leggings":1,"minecraft:written_book":2,"immersive_armors:wooden_helmet":1,"simplyswords:iron_claymore":2}},"DataVersion":3120}