{"stats":{"minecraft:used":{"irons_spellbooks:inscription_table":1,"cisco_mod:adventurer_leggings":2,"minecraft:stone_sword":1,"simplyswords:iron_claymore":7,"cisco_mod:adventurer_chestplate":3,"minecraft:shield":28,"minecraft:iron_sword":174,"strictly_origins:damaged_durendal":12,"undead_unleashed:grave_metal_sword":2,"minecraft:torch":8,"minecraft:dirt":7,"minecraft:chipped_anvil":1,"minecraft:iron_axe":47,"minecraft:stone_brick_stairs":1,"ars_nouveau:source_berry":2,"minecraft:bow":2,"minecraft:written_book":1,"woodworks:birch_chest":10,"farmersdelight:iron_knife":3,"minecraft:water_bucket":5,"simplyswords:iron_rapier":184,"minecraft:oak_planks":12,"minecraft:salmon":1,"minecraft:golden_apple":5,"minecraft:oak_slab":3,"minecraft:crafting_table":7,"minecraft:red_bed":1,"farmersdelight:bacon_and_eggs":2,"farmersdelight:ratatouille":10,"cisco_mod:adventurer_helmet":2,"easy_villagers:villager":1,"minecraft:bread":32,"minecraft:iron_pickaxe":3,"farmersdelight:ham":2,"iter_rpg:wooden_scythe":1,"cisco_mod:adventurer_boots":1,"minecraft:bucket":5,"alexsmobs:animal_dictionary":1,"aquaculture:brown_shrooma":1,"minecraft:candle":3},"minecraft:killed_by":{"minecraft:player":3,"minecraft:piglin_brute":2,"mutantmonsters:mutant_skeleton":1,"minecraft:skeleton":2},"minecraft:crafted":{"minecraft:oak_planks":48,"minecraft:iron_axe":1,"woodworks:birch_chest":9,"minecraft:crafting_table":2,"minecraft:birch_planks":184,"minecraft:air":0,"cisco_mod:adventurer_chestplate":1,"minecraft:iron_chestplate":1,"minecraft:birch_fence":3,"minecraft:iron_pickaxe":1,"minecraft:stick":8,"minecraft:iron_ingot":19,"minecraft:gold_ingot":9},"minecraft:broken":{"aether:leather_gloves":1},"minecraft:mined":{"minecraft:grass_block":6,"ars_nouveau:sourceberry_bush":1,"minecraft:spawner":2,"woodworks:birch_chest":1,"minecraft:shroomlight":1,"minecraft:oak_stairs":2,"minecraft:oak_slab":6,"minecraft:red_bed":1,"minecraft:crafting_table":3,"minecraft:torch":1,"minecraft:mushroom_stem":6,"minecraft:oak_planks":2,"minecraft:birch_planks":2,"minecraft:birch_log":46,"minecraft:birch_leaves":4,"minecraft:coal_ore":1,"minecraft:oak_log":10,"minecraft:gravel":1,"minecraft:dirt":2,"minecraft:cobweb":3,"minecraft:red_mushroom_block":18,"minecraft:oak_leaves":18,"minecraft:fern":1},"minecraft:custom":{"enigmaticlegacy:play_time_with_seven_curses":0,"lootr:looted_stat":67,"minecraft:mob_kills":99,"minecraft:interact_with_crafting_table":22,"goblintraders:trade_with_goblin":8,"minecraft:bell_ring":1,"minecraft:damage_dealt_resisted":264,"minecraft:leave_game":5,"minecraft:time_since_death":30903,"minecraft:climb_one_cm":8704,"minecraft:damage_resisted":0,"minecraft:sprint_one_cm":450104,"minecraft:walk_one_cm":473118,"minecraft:damage_blocked_by_shield":1643,"minecraft:drop":68,"minecraft:talked_to_villager":5,"minecraft:play_time":160799,"minecraft:deaths":8,"minecraft:sneak_time":557,"minecraft:walk_under_water_one_cm":7780,"minecraft:boat_one_cm":550,"minecraft:jump":2907,"minecraft:walk_on_water_one_cm":18084,"minecraft:total_world_time":160799,"minecraft:interact_with_furnace":1,"enigmaticlegacy:play_time_without_seven_curses":160214,"minecraft:interact_with_loom":2,"minecraft:sleep_in_bed":3,"minecraft:time_since_rest":24604,"minecraft:damage_taken":7388,"minecraft:damage_absorbed":161,"minecraft:damage_dealt":49304,"minecraft:swim_one_cm":52941,"minecraft:fly_one_cm":515112,"minecraft:open_chest":35,"minecraft:crouch_one_cm":1586,"minecraft:fall_one_cm":72242},"minecraft:killed":{"minecraft:vex":1,"alexsmobs:raccoon":1,"enemyexpansion:equestrian":2,"minecraft:spider":8,"alexsmobs:tasmanian_devil":1,"minecraft:skeleton":12,"whisperwoods:wisp":1,"ecologics:coconut_crab":1,"minecraft:silverfish":2,"minecraft:drowned":2,"minecraft:piglin_brute":4,"iter_rpg:hobgoblin":1,"enemyexpansion:goblin":2,"minecraft:husk":2,"minecraft:pig":7,"majruszsdifficulty:tank":1,"minecraft:creeper":4,"enemyexpansion:meature":1,"minecraft:zombie":29,"minecraft:stray":1,"enemyexpansion:huntsman":1,"iter_rpg:goblin_warrior":2,"enemyexpansion:botfly":7,"alexsmobs:fly":1,"undead_unleashed:haunter":3,"whisperwoods:moth":1,"minecraft:cow":3},"minecraft:picked_up":{"minecraft:crafting_table":5,"aether:iron_gloves":1,"minecraft:gold_block":11,"minecraft:enchanted_book":1,"minecraft:stone_brick_stairs":13,"simplyswords:iron_rapier":5,"minecraft:shield":7,"aether:leather_gloves":1,"minecraft:red_bed":2,"minecraft:dark_oak_pressure_plate":1,"minecraft:string":37,"apotheosis:epic_material":3,"forbidden_arcanus:cherry_planks":24,"minecraft:iron_axe":1,"skilltree:wisdom_scroll":3,"minecraft:wooden_sword":1,"minecraft:netherite_scrap":4,"minecraft:white_carpet":1,"minecraft:shroomlight":1,"cisco_mod:adventurer_chestplate":2,"simplyswords:runic_tablet":1,"minecraft:spruce_planks":1,"minecraft:bucket":1,"simplyswords:iron_longsword":1,"iter_rpg:coin":4,"undead_unleashed:grave_metal_sword":2,"minecraft:rose_bush":1,"immersive_armors:wooden_leggings":1,"minecraft:written_book":2,"minecraft:spruce_slab":12,"minecraft:iron_nugget":22,"minecraft:iron_pickaxe":2,"minecraft:birch_sapling":10,"farmersdelight:ratatouille":47,"minecraft:spruce_trapdoor":2,"ecologics:crab_claw":1,"minecraft:iron_boots":2,"minecraft:stick":3,"minecraft:raw_iron":8,"apotheosis:gem":20,"minecraft:deepslate_brick_wall":1,"ecologics:coconut_slice":2,"minecraft:torch":5,"minecraft:bowl":2,"minecraft:spruce_stairs":1,"minecraft:porkchop":31,"minecraft:carrot":20,"quark:ancient_tome":1,"easy_villagers:villager":1,"minecraft:arrow":192,"minecraft:rotten_flesh":58,"cisco_mod:adventurer_leggings":2,"ars_nouveau:worn_notebook":1,"ecologics:coconut_log":1,"minecraft:gold_ingot":24,"supplementaries:quiver":2,"supplementaries:ash":3,"cisco_mod:champion_coin":2,"forbidden_arcanus:spawner_scrap":6,"minecraft:birch_log":46,"woodworks:birch_chest":1,"minecraft:water_bucket":3,"minecraft:salmon":1,"minecraft:leather":8,"ars_nouveau:source_berry":2,"forbidden_arcanus:zombie_arm":1,"minecraft:red_mushroom":4,"minecraft:filled_map":1,"minecraft:birch_planks":4,"simplyswords:iron_claymore":3,"strictly_origins:damaged_durendal":3,"minecraft:oak_log":12,"minecraft:cobblestone_wall":6,"minecraft:gunpowder":4,"cisco_mod:adventurer_boots":3,"minecraft:lapis_lazuli":1,"minecraft:dirt":10,"minecraft:paper":6,"minecraft:lantern":1,"minecraft:bone":56,"farmersdelight:iron_knife":3,"minecraft:stone_bricks":20,"minecraft:bow":4,"minecraft:wheat_seeds":1,"cisco_mod:adventurer_helmet":2,"minecraft:iron_ingot":9,"twigs:twig":8,"apotheosis:gem_dust":2,"minecraft:iron_sword":8,"minecraft:oak_planks":7,"minecraft:book":7,"minecraft:oak_slab":7,"irons_spellbooks:fireward_ring":1,"patchouli:guide_book":5,"undead_unleashed:grave_metal_leggings":1,"enigmaticlegacy:enigmatic_amulet":3,"undead_unleashed:grave_metal_scrap":28,"iter_rpg:stone_geode":1,"farmersdelight:ham":2,"minecraft:spider_eye":4,"alexsmobs:animal_dictionary":3,"farmersdelight:bacon_and_eggs":11,"majruszsaccessories:owl_feather":2,"immersive_armors:wooden_chestplate":1,"minecraft:crossbow":1,"minecraft:golden_apple":37,"minecraft:emerald":2,"undead_unleashed:grave_metal_axe":1,"minecraft:chainmail_helmet":2,"minecraft:bread":69,"alexsmobs:maggot":2,"immersive_armors:wooden_boots":2},"minecraft:dropped":{"minecraft:iron_ingot":18,"minecraft:iron_sword":2,"minecraft:birch_planks":2,"minecraft:porkchop":2,"minecraft:wheat_seeds":1,"minecraft:crossbow":1,"minecraft:lantern":1,"minecraft:leather":4,"iter_rpg:stone_geode":1,"undead_unleashed:grave_metal_scrap":20,"minecraft:chainmail_helmet":1,"apotheosis:epic_material":1,"minecraft:red_mushroom":3,"minecraft:stick":3,"minecraft:dirt":1,"origins:orb_of_origin":1,"minecraft:netherite_scrap":1,"forbidden_arcanus:cherry_planks":24,"minecraft:rose_bush":1,"forbidden_arcanus:spawner_scrap":2,"simplyswords:iron_rapier":1,"immersive_armors:wooden_chestplate":1,"minecraft:paper":12,"minecraft:string":6,"minecraft:bone":1,"simplyswords:runic_tablet":2,"minecraft:iron_nugget":5,"minecraft:bowl":8,"majruszsaccessories:owl_feather":1,"immersive_armors:wooden_boots":2,"minecraft:beetroot":4,"minecraft:rotten_flesh":30,"minecraft:oak_planks":1,"minecraft:iron_boots":3,"patchouli:guide_book":2,"enigmaticlegacy:cursed_ring":1,"minecraft:filled_map":1,"minecraft:shroomlight":1,"minecraft:shield":2,"minecraft:gunpowder":4,"minecraft:spruce_planks":1,"apotheosis:gem":6,"simplyswords:iron_longsword":1,"minecraft:arrow":1,"undead_unleashed:grave_metal_leggings":1,"minecraft:written_book":2,"immersive_armors:wooden_helmet":1,"simplyswords:iron_claymore":2}},"DataVersion":3120}