{"stats":{"minecraft:used":{"simplyswords:iron_claymore":4,"minecraft:stone_sword":1,"cisco_mod:adventurer_chestplate":1,"minecraft:shield":16,"minecraft:iron_sword":168,"strictly_origins:damaged_durendal":12,"minecraft:torch":6,"minecraft:dirt":2,"minecraft:iron_axe":4,"minecraft:stone_brick_stairs":1,"minecraft:bow":2,"minecraft:written_book":1,"minecraft:water_bucket":1,"simplyswords:iron_rapier":60,"minecraft:oak_planks":12,"minecraft:golden_apple":5,"minecraft:oak_slab":3,"minecraft:crafting_table":7,"minecraft:red_bed":1,"farmersdelight:bacon_and_eggs":1,"farmersdelight:ratatouille":4,"minecraft:bread":16,"minecraft:iron_pickaxe":1,"iter_rpg:wooden_scythe":1,"minecraft:bucket":1,"alexsmobs:animal_dictionary":1,"minecraft:candle":3},"minecraft:killed_by":{"minecraft:player":2,"minecraft:skeleton":1},"minecraft:mined":{"minecraft:grass_block":2,"minecraft:oak_stairs":2,"minecraft:oak_slab":6,"minecraft:red_bed":1,"minecraft:crafting_table":3,"minecraft:torch":1,"minecraft:mushroom_stem":1,"minecraft:oak_planks":2,"minecraft:birch_planks":2,"minecraft:coal_ore":1,"minecraft:oak_log":10,"minecraft:gravel":1,"minecraft:dirt":1,"minecraft:cobweb":3,"minecraft:red_mushroom_block":2,"minecraft:oak_leaves":17},"minecraft:crafted":{"minecraft:oak_planks":48,"minecraft:crafting_table":2,"minecraft:air":0,"cisco_mod:adventurer_chestplate":1,"minecraft:iron_chestplate":1,"minecraft:iron_pickaxe":1,"minecraft:stick":4,"minecraft:iron_ingot":19,"minecraft:gold_ingot":9},"minecraft:broken":{"aether:leather_gloves":1},"minecraft:dropped":{"minecraft:iron_ingot":18,"minecraft:iron_sword":1,"minecraft:porkchop":2,"minecraft:crossbow":1,"minecraft:lantern":1,"iter_rpg:stone_geode":1,"undead_unleashed:grave_metal_scrap":20,"minecraft:chainmail_helmet":1,"apotheosis:epic_material":1,"minecraft:stick":3,"origins:orb_of_origin":1,"minecraft:netherite_scrap":1,"forbidden_arcanus:cherry_planks":24,"forbidden_arcanus:spawner_scrap":2,"immersive_armors:wooden_chestplate":1,"minecraft:paper":12,"minecraft:bone":1,"simplyswords:runic_tablet":2,"minecraft:iron_nugget":5,"minecraft:bowl":6,"majruszsaccessories:owl_feather":1,"immersive_armors:wooden_boots":2,"minecraft:beetroot":4,"minecraft:rotten_flesh":30,"minecraft:iron_boots":3,"minecraft:oak_planks":1,"patchouli:guide_book":2,"enigmaticlegacy:cursed_ring":1,"minecraft:filled_map":1,"minecraft:shield":1,"minecraft:gunpowder":4,"apotheosis:gem":6,"simplyswords:iron_longsword":1,"minecraft:arrow":1,"undead_unleashed:grave_metal_leggings":1,"minecraft:written_book":2,"immersive_armors:wooden_helmet":1},"minecraft:picked_up":{"minecraft:crafting_table":5,"minecraft:gold_block":5,"minecraft:stone_brick_stairs":1,"simplyswords:iron_rapier":1,"minecraft:shield":4,"aether:leather_gloves":1,"apotheosis:epic_material":3,"minecraft:dark_oak_pressure_plate":1,"minecraft:string":21,"minecraft:red_bed":2,"minecraft:wooden_sword":1,"minecraft:iron_axe":1,"forbidden_arcanus:cherry_planks":24,"skilltree:wisdom_scroll":3,"minecraft:netherite_scrap":4,"minecraft:white_carpet":1,"cisco_mod:adventurer_chestplate":1,"simplyswords:runic_tablet":1,"simplyswords:iron_longsword":1,"minecraft:bucket":1,"undead_unleashed:grave_metal_sword":1,"immersive_armors:wooden_leggings":1,"minecraft:written_book":2,"minecraft:iron_nugget":20,"farmersdelight:ratatouille":32,"minecraft:iron_boots":2,"minecraft:raw_iron":8,"minecraft:stick":3,"apotheosis:gem":14,"minecraft:torch":3,"minecraft:bowl":2,"minecraft:porkchop":6,"minecraft:carrot":20,"quark:ancient_tome":1,"minecraft:arrow":121,"minecraft:rotten_flesh":54,"cisco_mod:adventurer_leggings":1,"ars_nouveau:worn_notebook":1,"minecraft:gold_ingot":2,"supplementaries:ash":3,"supplementaries:quiver":1,"forbidden_arcanus:spawner_scrap":3,"forbidden_arcanus:zombie_arm":1,"minecraft:filled_map":1,"simplyswords:iron_claymore":1,"minecraft:oak_log":12,"strictly_origins:damaged_durendal":2,"minecraft:gunpowder":4,"cisco_mod:adventurer_boots":2,"minecraft:lapis_lazuli":1,"minecraft:paper":6,"minecraft:dirt":3,"minecraft:lantern":1,"minecraft:bone":54,"farmersdelight:iron_knife":2,"minecraft:bow":3,"cisco_mod:adventurer_helmet":1,"minecraft:iron_ingot":9,"apotheosis:gem_dust":2,"minecraft:iron_sword":5,"minecraft:oak_planks":7,"minecraft:book":6,"minecraft:oak_slab":7,"patchouli:guide_book":4,"enigmaticlegacy:enigmatic_amulet":2,"undead_unleashed:grave_metal_leggings":1,"undead_unleashed:grave_metal_scrap":20,"iter_rpg:stone_geode":1,"minecraft:spider_eye":4,"alexsmobs:animal_dictionary":2,"farmersdelight:bacon_and_eggs":10,"majruszsaccessories:owl_feather":2,"immersive_armors:wooden_chestplate":1,"minecraft:crossbow":1,"minecraft:chainmail_helmet":2,"minecraft:golden_apple":37,"minecraft:emerald":2,"undead_unleashed:grave_metal_axe":1,"minecraft:bread":39,"alexsmobs:maggot":2,"immersive_armors:wooden_boots":2},"minecraft:custom":{"enigmaticlegacy:play_time_with_seven_curses":0,"lootr:looted_stat":34,"minecraft:mob_kills":72,"goblintraders:trade_with_goblin":8,"minecraft:interact_with_crafting_table":12,"minecraft:damage_dealt_resisted":264,"minecraft:leave_game":3,"minecraft:time_since_death":25387,"minecraft:climb_one_cm":7139,"minecraft:damage_resisted":0,"minecraft:sprint_one_cm":237866,"minecraft:walk_one_cm":286431,"minecraft:damage_blocked_by_shield":637,"minecraft:drop":53,"minecraft:talked_to_villager":1,"minecraft:play_time":99234,"minecraft:deaths":3,"minecraft:sneak_time":332,"minecraft:walk_under_water_one_cm":3776,"minecraft:boat_one_cm":550,"minecraft:jump":1565,"minecraft:walk_on_water_one_cm":9236,"minecraft:total_world_time":99234,"enigmaticlegacy:play_time_without_seven_curses":99042,"minecraft:interact_with_loom":2,"minecraft:sleep_in_bed":1,"minecraft:time_since_rest":0,"minecraft:damage_taken":3388,"minecraft:damage_absorbed":161,"minecraft:damage_dealt":24464,"minecraft:fly_one_cm":240936,"minecraft:swim_one_cm":36844,"minecraft:open_chest":1,"minecraft:crouch_one_cm":1222,"minecraft:fall_one_cm":31181},"minecraft:killed":{"minecraft:vex":1,"alexsmobs:raccoon":1,"enemyexpansion:equestrian":2,"minecraft:spider":6,"minecraft:skeleton":10,"minecraft:drowned":2,"enemyexpansion:goblin":2,"minecraft:husk":2,"minecraft:pig":2,"majruszsdifficulty:tank":1,"minecraft:creeper":4,"enemyexpansion:meature":1,"minecraft:zombie":28,"enemyexpansion:huntsman":1,"enemyexpansion:botfly":7,"minecraft:stray":1,"alexsmobs:fly":1,"undead_unleashed:haunter":3}},"DataVersion":3120}