{"stats":{"minecraft:used":{"farmersdelight:ratatouille":2,"minecraft:stone_sword":1,"minecraft:iron_sword":6,"strictly_origins:damaged_durendal":12,"iter_rpg:wooden_scythe":1,"minecraft:crafting_table":1,"alexsmobs:animal_dictionary":1,"minecraft:candle":3},"minecraft:killed_by":{"minecraft:player":1},"minecraft:crafted":{"minecraft:oak_planks":20,"minecraft:crafting_table":1,"minecraft:stick":4},"minecraft:mined":{"minecraft:oak_log":5,"minecraft:gravel":1,"minecraft:oak_leaves":1},"minecraft:custom":{"minecraft:time_since_rest":15381,"enigmaticlegacy:play_time_with_seven_curses":0,"lootr:looted_stat":10,"minecraft:sprint_one_cm":37931,"minecraft:damage_taken":692,"minecraft:walk_one_cm":49961,"minecraft:mob_kills":4,"minecraft:drop":1,"minecraft:damage_dealt":791,"enigmaticlegacy:play_time_without_seven_curses":21957,"minecraft:swim_one_cm":3071,"minecraft:interact_with_crafting_table":2,"minecraft:fly_one_cm":33494,"minecraft:play_time":22003,"minecraft:deaths":1,"minecraft:sneak_time":7,"minecraft:walk_under_water_one_cm":243,"minecraft:jump":262,"minecraft:damage_dealt_resisted":0,"minecraft:leave_game":1,"minecraft:time_since_death":15335,"minecraft:walk_on_water_one_cm":323,"minecraft:total_world_time":22003,"minecraft:climb_one_cm":2232,"minecraft:fall_one_cm":5266},"minecraft:dropped":{"enigmaticlegacy:cursed_ring":1},"minecraft:picked_up":{"apotheosis:gem":1,"minecraft:oak_log":9,"undead_unleashed:grave_metal_scrap":1,"minecraft:lapis_lazuli":1,"minecraft:red_bed":1,"minecraft:bone":1,"minecraft:arrow":2,"minecraft:rotten_flesh":4,"supplementaries:ash":2,"minecraft:iron_sword":1},"minecraft:killed":{"minecraft:skeleton":1}},"DataVersion":3120}