{"stats":{"minecraft:used":{"strictly_origins:damaged_durendal":11,"iter_rpg:wooden_scythe":1,"minecraft:crafting_table":1,"alexsmobs:animal_dictionary":1},"minecraft:killed_by":{"minecraft:player":1},"minecraft:crafted":{"minecraft:oak_planks":20,"minecraft:crafting_table":1,"minecraft:stick":4},"minecraft:mined":{"minecraft:oak_log":5},"minecraft:custom":{"minecraft:time_since_rest":3381,"enigmaticlegacy:play_time_with_seven_curses":0,"minecraft:deaths":1,"minecraft:play_time":10003,"minecraft:sprint_one_cm":19830,"minecraft:damage_taken":504,"minecraft:walk_one_cm":20197,"minecraft:mob_kills":2,"minecraft:jump":100,"minecraft:walk_on_water_one_cm":48,"minecraft:damage_dealt":477,"minecraft:leave_game":1,"minecraft:time_since_death":3335,"enigmaticlegacy:play_time_without_seven_curses":9957,"minecraft:total_world_time":10003,"minecraft:interact_with_crafting_table":1,"minecraft:fall_one_cm":1521,"minecraft:fly_one_cm":18008},"minecraft:killed":{"minecraft:skeleton":1},"minecraft:picked_up":{"minecraft:arrow":2,"apotheosis:gem":1,"minecraft:bone":1,"minecraft:rotten_flesh":2,"undead_unleashed:grave_metal_scrap":1,"minecraft:oak_log":5,"minecraft:lapis_lazuli":1,"minecraft:red_bed":1}},"DataVersion":3120}