{"stats":{"minecraft:used":{"minecraft:stone_sword":1,"minecraft:oak_planks":9,"minecraft:iron_sword":37,"strictly_origins:damaged_durendal":12,"minecraft:torch":1,"minecraft:golden_apple":1,"minecraft:crafting_table":2,"farmersdelight:ratatouille":3,"minecraft:iron_axe":4,"iter_rpg:wooden_scythe":1,"alexsmobs:animal_dictionary":1,"minecraft:candle":3},"minecraft:killed_by":{"minecraft:player":1},"minecraft:crafted":{"minecraft:oak_planks":36,"minecraft:crafting_table":1,"minecraft:stick":4},"minecraft:mined":{"minecraft:oak_slab":1,"minecraft:crafting_table":1,"minecraft:oak_log":5,"minecraft:oak_stairs":2,"minecraft:gravel":1,"minecraft:cobweb":2,"minecraft:oak_leaves":2},"minecraft:custom":{"enigmaticlegacy:play_time_with_seven_curses":0,"lootr:looted_stat":18,"minecraft:mob_kills":13,"enigmaticlegacy:play_time_without_seven_curses":33957,"minecraft:interact_with_crafting_table":3,"minecraft:interact_with_loom":2,"minecraft:damage_dealt_resisted":0,"minecraft:leave_game":1,"minecraft:time_since_death":27335,"minecraft:climb_one_cm":2778,"minecraft:time_since_rest":27381,"minecraft:sprint_one_cm":69311,"minecraft:walk_one_cm":92416,"minecraft:damage_taken":853,"minecraft:damage_absorbed":40,"minecraft:drop":14,"minecraft:damage_dealt":3703,"minecraft:swim_one_cm":4314,"minecraft:talked_to_villager":1,"minecraft:fly_one_cm":54952,"minecraft:play_time":34003,"minecraft:deaths":1,"minecraft:sneak_time":7,"minecraft:walk_under_water_one_cm":796,"minecraft:jump":489,"minecraft:walk_on_water_one_cm":474,"minecraft:total_world_time":34003,"minecraft:fall_one_cm":8686},"minecraft:killed":{"alexsmobs:raccoon":1,"minecraft:spider":1,"minecraft:skeleton":1,"minecraft:zombie":9},"minecraft:dropped":{"minecraft:bowl":3,"immersive_armors:wooden_boots":1,"minecraft:crossbow":1,"minecraft:beetroot":4,"minecraft:lantern":1,"undead_unleashed:grave_metal_scrap":1,"enigmaticlegacy:cursed_ring":1,"minecraft:filled_map":1,"origins:orb_of_origin":1,"forbidden_arcanus:cherry_planks":24,"apotheosis:gem":1,"minecraft:paper":12,"minecraft:bone":1},"minecraft:picked_up":{"minecraft:crafting_table":1,"minecraft:filled_map":1,"minecraft:oak_log":9,"minecraft:red_bed":1,"minecraft:lapis_lazuli":1,"minecraft:paper":6,"minecraft:string":10,"apotheosis:epic_material":1,"minecraft:lantern":1,"forbidden_arcanus:cherry_planks":24,"minecraft:iron_axe":1,"skilltree:wisdom_scroll":1,"minecraft:netherite_scrap":1,"minecraft:white_carpet":1,"minecraft:bone":1,"minecraft:iron_ingot":2,"minecraft:iron_sword":1,"minecraft:oak_slab":1,"apotheosis:gem":1,"undead_unleashed:grave_metal_scrap":1,"minecraft:arrow":20,"minecraft:rotten_flesh":4,"minecraft:crossbow":1,"minecraft:golden_apple":20,"undead_unleashed:grave_metal_axe":1,"minecraft:gold_ingot":2,"minecraft:emerald":2,"supplementaries:ash":3,"forbidden_arcanus:spawner_scrap":1}},"DataVersion":3120}