{"stats":{"minecraft:killed_by":{"minecraft:piglin_brute":2,"minecraft:creeper":1,"enemyexpansion:slugger":1,"minecraft:drowned":1,"enemyexpansion:huntsman":2,"minecraft:player":8,"minecraft:stray":1,"minecraft:warden":2,"mutantmonsters:mutant_skeleton":1,"minecraft:skeleton":4},"minecraft:mined":{"minecraft:sculk_vein":9,"minecraft:granite":6,"minecraft:grass_block":14,"ars_nouveau:bastion_pod":10,"twigs:twig":2,"minecraft:deepslate_bricks":1,"ars_nouveau:sourceberry_bush":1,"minecraft:spawner":3,"woodworks:birch_chest":1,"minecraft:magma_block":2,"minecraft:iron_ore":6,"minecraft:fire":2,"darkerdepths:shale":3,"minecraft:oak_stairs":2,"vinery:jungle_grape_bush_red":3,"minecraft:red_bed":1,"minecraft:torch":4,"minecraft:mushroom_stem":13,"minecraft:oak_planks":2,"byg:soapstone":7,"forbidden_arcanus:darkstone":30,"minecraft:birch_log":57,"minecraft:grass":12,"minecraft:oak_log":10,"minecraft:dirt":19,"twigs:rhyolite":5,"minecraft:red_mushroom_block":18,"minecraft:oak_leaves":21,"minecraft:deepslate":92,"minecraft:deepslate_tiles":2,"minecraft:tuff":5,"minecraft:light_blue_wool":1,"minecraft:stripped_birch_log":1,"minecraft:dark_oak_log":11,"minecraft:sea_lantern":1,"minecraft:dark_oak_fence":1,"darkerdepths:amber":1,"iter_rpg:big_vase":1,"minecraft:hay_block":13,"forbidden_arcanus:arcane_crystal_ore":3,"minecraft:redstone_ore":1,"forbidden_arcanus:deepslate_arcane_crystal_ore":2,"iter_rpg:small_vase":1,"minecraft:andesite":17,"minecraft:polished_deepslate":1,"minecraft:bookshelf":2,"minecraft:potatoes":26,"minecraft:shroomlight":1,"minecraft:vine":2,"minecraft:stone":278,"twigs:opaline_seashell":1,"minecraft:oak_slab":6,"twigs:pebble":1,"galosphere:deepslate_silver_ore":8,"minecraft:warped_fence":2,"minecraft:crafting_table":3,"iter_rpg:vase":1,"minecraft:sculk_sensor":2,"twigs:petrified_lichen":1,"minecraft:copper_ore":1,"minecraft:sculk":170,"minecraft:diorite":7,"supplementaries:urn":3,"minecraft:birch_planks":4,"forbidden_arcanus:xpetrified_ore":10,"minecraft:birch_leaves":6,"iter_rpg:spider_egg":1,"minecraft:coal_ore":61,"minecraft:gravel":3,"minecraft:cobweb":5,"forbidden_arcanus:gilded_darkstone":1,"byg:tall_allium":1,"minecraft:fern":1,"minecraft:dark_oak_planks":4},"minecraft:dropped":{"aquaculture:iron_fillet_knife":1,"minecraft:iron_sword":3,"cisco_mod:adventurer_helmet":3,"minecraft:birch_planks":4,"minecraft:porkchop":26,"minecraft:glass_bottle":1,"minecraft:diamond":3,"minecraft:crossbow":1,"minecraft:lantern":1,"minecraft:leather":4,"cisco_mod:adventurer_leggings":3,"iter_rpg:stone_geode":1,"undead_unleashed:grave_metal_scrap":20,"minecraft:red_mushroom":3,"twigs:pebble":2,"minecraft:dirt":7,"minecraft:netherite_scrap":1,"minecraft:dark_oak_fence":1,"minecraft:mutton":6,"irons_spellbooks:epic_ink":1,"irons_spellbooks:arcane_essence":3,"immersive_armors:wooden_chestplate":1,"twigs:twig":1,"quark:ancient_tome":1,"farmersdelight:mutton_chops":5,"minecraft:bone":1,"minecraft:gravel":4,"simplyswords:runic_tablet":2,"minecraft:iron_nugget":5,"simplyswords:iron_katana":1,"minecraft:birch_sapling":8,"immersive_armors:wooden_boots":2,"minecraft:beetroot":4,"minecraft:rotten_flesh":34,"minecraft:oak_planks":1,"iter_rpg:spawner_fragment":1,"patchouli:guide_book":3,"supplementaries:ash":6,"minecraft:deepslate_tiles":2,"minecraft:gunpowder":7,"apotheosis:gem":6,"forbidden_arcanus:arcane_crystal":1,"minecraft:arrow":4,"minecraft:beef":10,"minecraft:written_book":2,"minecraft:enchanted_book":1,"minecraft:iron_ingot":18,"minecraft:bread":22,"minecraft:wheat_seeds":12,"majruszsaccessories:adventurer_kit":1,"minecraft:cobblestone":161,"irons_spellbooks:evoker_spell_book":1,"cisco_mod:adventurer_chestplate":3,"minecraft:chainmail_helmet":1,"apotheosis:epic_material":1,"minecraft:coal":2,"ars_nouveau:bastion_pod":7,"minecraft:stick":3,"irons_spellbooks:scroll":1,"origins:orb_of_origin":1,"forbidden_arcanus:cherry_planks":24,"minecraft:rose_bush":1,"forbidden_arcanus:spawner_scrap":2,"simplyswords:iron_rapier":2,"minecraft:iron_axe":1,"minecraft:paper":12,"minecraft:string":6,"minecraft:redstone":10,"twigs:petrified_lichen":1,"cisco_mod:adventurer_boots":3,"relics:hunter_belt":1,"minecraft:raw_copper":2,"minecraft:bowl":15,"majruszsaccessories:owl_feather":1,"minecraft:iron_boots":3,"sophisticatedbackpacks:backpack":2,"undead_unleashed:grave_metal_sword":1,"enigmaticlegacy:cursed_ring":1,"minecraft:filled_map":1,"minecraft:diamond_sword":1,"minecraft:shroomlight":1,"simplyswords:iron_scythe":1,"farmersdelight:flint_knife":1,"minecraft:shield":4,"minecraft:spruce_planks":1,"minecraft:andesite":16,"minecraft:warped_fence":2,"minecraft:oak_sapling":1,"farmersdelight:minced_beef":12,"simplyswords:iron_longsword":1,"minecraft:spider_eye":3,"minecraft:bow":4,"delightful:animal_fat":4,"undead_unleashed:grave_metal_leggings":1,"minecraft:magma_block":2,"immersive_armors:wooden_helmet":1,"simplyswords:iron_claymore":2},"minecraft:crafted":{"minecraft:grindstone":1,"minecraft:oak_planks":48,"minecraft:birch_boat":2,"minecraft:stone":8,"minecraft:iron_boots":1,"cisco_mod:adventurer_boots":1,"cisco_mod:adventurer_helmet":1,"blue_skies:blue_journal":1,"minecraft:crafting_table":6,"minecraft:baked_potato":107,"minecraft:smithing_table":1,"minecraft:birch_planks":184,"cisco_mod:adventurer_chestplate":1,"minecraft:iron_chestplate":2,"minecraft:shield":3,"minecraft:birch_fence":3,"minecraft:stick":24,"minecraft:iron_pickaxe":3,"minecraft:iron_ingot":19,"minecraft:gold_ingot":12,"minecraft:bone_meal":132,"minecraft:iron_axe":2,"minecraft:iron_hoe":1,"minecraft:dark_oak_planks":216,"minecraft:wheat":108,"woodworks:birch_chest":9,"woodworks:dark_oak_bookshelf":13,"minecraft:bread":36,"minecraft:air":0,"minecraft:iron_shovel":2,"minecraft:torch":16},"minecraft:custom":{"enigmaticlegacy:play_time_with_seven_curses":0,"lootr:looted_stat":118,"minecraft:interact_with_crafting_table":67,"goblintraders:trade_with_goblin":8,"minecraft:bell_ring":1,"minecraft:leave_game":14,"minecraft:time_since_death":58713,"minecraft:damage_resisted":0,"minecraft:sprint_one_cm":1298733,"minecraft:damage_blocked_by_shield":5644,"minecraft:drop":163,"minecraft:talked_to_villager":9,"minecraft:play_time":448015,"minecraft:deaths":23,"minecraft:jump":9085,"minecraft:walk_on_water_one_cm":67621,"minecraft:enchant_item":2,"minecraft:interact_with_furnace":20,"minecraft:traded_with_villager":1,"minecraft:interact_with_loom":2,"minecraft:sleep_in_bed":6,"minecraft:waystone_activated":3,"minecraft:damage_dealt":222148,"minecraft:player_kills":2,"minecraft:crouch_one_cm":39438,"minecraft:interact_with_smoker":10,"minecraft:interact_with_smithing_table":4,"minecraft:mob_kills":327,"minecraft:interact_with_anvil":6,"minecraft:damage_dealt_resisted":300,"minecraft:climb_one_cm":24527,"minecraft:walk_one_cm":1236769,"minecraft:sneak_time":9527,"minecraft:walk_under_water_one_cm":34797,"minecraft:boat_one_cm":2076,"minecraft:interact_with_lectern":1,"minecraft:total_world_time":448015,"enigmaticlegacy:play_time_without_seven_curses":446924,"minecraft:interact_with_grindstone":1,"minecraft:time_since_rest":58738,"minecraft:damage_absorbed":161,"minecraft:damage_taken":22667,"minecraft:trigger_trapped_chest":1,"minecraft:swim_one_cm":154165,"minecraft:fly_one_cm":1581172,"minecraft:open_chest":210,"minecraft:fall_one_cm":225395},"minecraft:killed":{"minecraft:witch":1,"minecraft:spider":23,"enemyexpansion:equestrian":6,"minecraft:skeleton":32,"minecraft:bee":1,"minecraft:chicken":1,"whisperwoods:wisp":5,"ecologics:coconut_crab":3,"minecraft:silverfish":2,"minecraft:piglin_brute":12,"minecraft:piglin":5,"minecraft:pig":22,"minecraft:zombie_villager":3,"alexsmobs:seal":5,"majruszsdifficulty:tank":2,"iter_rpg:spiderling":3,"irons_spellbooks:necromancer":1,"minecraft:creeper":10,"minecraft:sheep":1,"minecraft:pillager":7,"enemyexpansion:meature":10,"irons_spellbooks:summoned_vex":1,"minecraft:zombie":76,"enemyexpansion:vampire":2,"enemyexpansion:botfly":26,"minecraft:stray":3,"alexsmobs:fly":2,"undead_unleashed:haunter":12,"whisperwoods:moth":1,"minecraft:cow":10,"minecraft:vex":1,"irons_spellbooks:summoned_zombie":2,"alexsmobs:raccoon":1,"minecraft:vindicator":2,"alexsmobs:tasmanian_devil":1,"minecraft:drowned":2,"iter_rpg:hobgoblin":1,"enemyexpansion:goblin":10,"whisperwoods:hidebehind":1,"minecraft:husk":2,"humancompanions:axeguard":1,"alexsmobs:skunk":1,"enemyexpansion:sprinter":2,"majruszsdifficulty:cursed_armor":2,"enemyexpansion:crawler":3,"sons_of_sins:betrayed_guzzler":1,"iter_rpg:goblin_warrior":2,"enemyexpansion:huntsman":1,"mutantmonsters:mutant_zombie":1,"minecraft:enderman":1},"minecraft:broken":{"aether:iron_gloves":2,"minecraft:shield":1,"aether:leather_gloves":1},"minecraft:picked_up":{"irons_spellbooks:scroll":8,"minecraft:diamond_sword":2,"aether:iron_gloves":1,"minecraft:potion":1,"minecraft:enchanted_book":4,"minecraft:stone_brick_stairs":13,"simplyswords:iron_rapier":13,"minecraft:polished_deepslate":1,"forbidden_arcanus:xpetrified_orb":11,"minecraft:dark_oak_pressure_plate":1,"minecraft:string":39,"apotheosis:epic_material":3,"minecraft:raw_copper":2,"darkerdepths:shale":3,"minecraft:zombie_head":1,"minecraft:experience_bottle":5,"minecraft:shroomlight":1,"minecraft:deepslate_tiles":2,"irons_spellbooks:arcane_essence":9,"twigs:pebble":3,"minecraft:cobbled_deepslate":99,"bosses_of_mass_destruction:soul_star":1,"minecraft:bucket":1,"minecraft:spruce_planks":1,"delightful:acorn":4,"undead_unleashed:grave_metal_sword":4,"minecraft:rose_bush":1,"minecraft:written_book":2,"minecraft:iron_pickaxe":7,"farmersdelight:ratatouille":55,"ecologics:crab_claw":2,"minecraft:iron_boots":2,"minecraft:stick":7,"apotheosis:rare_material":5,"apotheosis:gem":31,"minecraft:deepslate_brick_wall":1,"minecraft:torch":8,"minecraft:spruce_stairs":1,"minecraft:porkchop":51,"minecraft:diorite":7,"enemyexpansion:meathead_helmet":1,"majruszsaccessories:dream_catcher":1,"quark:ancient_tome":3,"easy_villagers:villager":1,"minecraft:rotten_flesh":74,"minecraft:light_blue_wool":1,"cisco_mod:adventurer_leggings":4,"ars_nouveau:worn_notebook":1,"ecologics:coconut_log":1,"supplementaries:quiver":2,"supplementaries:ash":9,"irons_spellbooks:copper_spell_book":2,"minecraft:cobblestone":304,"minecraft:birch_log":103,"majruszsaccessories:tool_scraps":1,"minecraft:magma_block":2,"woodworks:birch_chest":1,"minecraft:andesite":25,"minecraft:water_bucket":3,"delightful:animal_fat":4,"ars_nouveau:source_berry":2,"minecraft:potato":265,"minecraft:tuff":5,"irons_spellbooks:ruined_book":2,"minecraft:lapis_lazuli":1,"minecraft:dirt":30,"minecraft:stripped_birch_log":1,"minecraft:lantern":1,"minecraft:bone":69,"farmersdelight:iron_knife":3,"minecraft:bow":10,"darkerdepths:amber":1,"minecraft:wheat_seeds":30,"cisco_mod:adventurer_helmet":4,"galosphere:raw_silver":8,"twigs:twig":47,"minecraft:oak_planks":7,"irons_spellbooks:fireward_ring":4,"irons_spellbooks:legendary_ink":2,"patchouli:guide_book":7,"minecraft:poisonous_potato":1,"undead_unleashed:grave_metal_leggings":2,"iter_rpg:stone_geode":1,"farmersdelight:ham":2,"minecraft:dark_oak_log":246,"alexsmobs:animal_dictionary":3,"majruszsaccessories:owl_feather":2,"forbidden_arcanus:ender_pearl_fragment":1,"vinery:jungle_grapes_red":2,"minecraft:diamond":3,"minecraft:crossbow":1,"minecraft:granite":9,"minecraft:golden_apple":37,"minecraft:chainmail_helmet":2,"minecraft:bread":100,"minecraft:emerald":30,"alexsmobs:maggot":2,"minecraft:oak_sapling":1,"twigs:rhyolite":5,"irons_spellbooks:uncommon_ink":2,"minecraft:dark_oak_fence":1,"iter_rpg:spawner_fragment":2,"minecraft:crafting_table":5,"twigs:petrified_lichen":1,"byg:soapstone":7,"minecolonies:scroll_buff":6,"minecraft:gold_block":11,"minecraft:shield":8,"aether:leather_gloves":1,"minecraft:red_bed":2,"forbidden_arcanus:cherry_planks":24,"minecraft:iron_axe":4,"skilltree:wisdom_scroll":3,"minecraft:wooden_sword":1,"minecraft:netherite_scrap":4,"minecraft:white_carpet":1,"minecraft:iron_shovel":1,"minecraft:warped_fence":2,"atmospheric:shimmering_passion_fruit":1,"cisco_mod:adventurer_chestplate":4,"simplyswords:runic_tablet":1,"farmersdelight:beef_patty":3,"minecraft:echo_shard":1,"simplyswords:iron_longsword":3,"iter_rpg:coin":4,"minecraft:beef":3,"immersive_armors:wooden_leggings":1,"irons_spellbooks:epic_ink":1,"minecraft:iron_nugget":25,"minecraft:spruce_slab":12,"minecraft:birch_sapling":20,"minecraft:spruce_trapdoor":2,"relics:magma_walker":1,"minecraft:dark_oak_sapling":14,"minecraft:raw_iron":22,"ecologics:coconut_slice":4,"minecraft:bowl":4,"sophisticatedbackpacks:backpack":3,"minecraft:carrot":23,"minecraft:redstone":10,"minecraft:prismarine_crystals":4,"minecraft:dark_oak_planks":5,"minecraft:arrow":220,"minecraft:deepslate_bricks":1,"minecraft:hay_block":12,"minecraft:gold_ingot":24,"cisco_mod:champion_coin":4,"forbidden_arcanus:spawner_scrap":7,"irons_spellbooks:ancient_knowledge_fragment":2,"simplyswords:iron_katana":1,"minecraft:salmon":1,"minecraft:leather":10,"forbidden_arcanus:zombie_arm":1,"minecraft:red_mushroom":4,"minecraft:filled_map":1,"minecraft:birch_planks":39,"simplyswords:iron_claymore":3,"minecraft:oak_log":12,"strictly_origins:damaged_durendal":3,"minecraft:gunpowder":14,"minecraft:cobblestone_wall":6,"cisco_mod:adventurer_boots":5,"farmersdelight:flint_knife":2,"minecraft:paper":6,"minecraft:apple":1,"minecraft:stone_bricks":20,"minecraft:iron_ingot":65,"minecraft:glass_bottle":1,"apotheosis:gem_dust":4,"forbidden_arcanus:darkstone":30,"minecraft:iron_sword":10,"minecraft:book":77,"minecraft:oak_slab":7,"minecraft:smooth_basalt":2,"minecraft:gravel":4,"enigmaticlegacy:enigmatic_amulet":3,"ars_nouveau:bastion_pod":28,"minecraft:amethyst_shard":18,"aquaculture:iron_fillet_knife":2,"undead_unleashed:grave_metal_scrap":37,"minecraft:spider_eye":10,"farmersdelight:bacon_and_eggs":11,"forbidden_arcanus:arcane_crystal":6,"byg:tall_allium":1,"immersive_armors:wooden_chestplate":1,"undead_unleashed:grave_metal_axe":1,"immersive_armors:wooden_boots":2,"minecraft:coal":63,"minecraft:ender_pearl":1},"minecraft:used":{"irons_spellbooks:inscription_table":1,"minecraft:iron_shovel":13,"cisco_mod:adventurer_chestplate":11,"minecraft:shield":85,"minecraft:iron_sword":174,"strictly_origins:damaged_durendal":12,"undead_unleashed:grave_metal_sword":2,"simplyswords:diamond_rapier":2,"minecraft:netherite_hoe":91,"simplyswords:iron_longsword":34,"minecraft:stone_brick_stairs":1,"ars_nouveau:source_berry":32,"minecraft:bow":2,"minecraft:written_book":1,"woodworks:birch_chest":10,"minecraft:potato":121,"simplyswords:iron_rapier":1002,"minecraft:oak_planks":12,"minecraft:ender_pearl":1,"minecraft:golden_apple":5,"minecraft:light_blue_wool":1,"relics:horse_flute":22,"farmersdelight:ratatouille":17,"easy_villagers:villager":1,"minecraft:bread":128,"forbidden_arcanus:darkstone":14,"farmersdelight:ham":2,"atmospheric:shimmering_passion_fruit":3,"iter_rpg:wooden_scythe":1,"minecraft:diamond_sword":3,"minecraft:grindstone":1,"minecraft:smithing_table":1,"aquaculture:brown_shrooma":1,"minecraft:bone_meal":132,"delightful:acorn":4,"minecraft:experience_bottle":9,"cisco_mod:adventurer_leggings":10,"ironchest:wood_to_iron_chest_upgrade":2,"simplyswords:iron_claymore":7,"minecraft:stone_sword":1,"minecraft:flint_and_steel":4,"vinery:jungle_grapes_red":1,"aquaculture:iron_fillet_knife":2,"minecraft:torch":30,"minecraft:dirt":32,"ars_nouveau:bastion_pod":25,"minecraft:granite":3,"farmersdelight:beef_patty":5,"minecraft:iron_hoe":167,"minecraft:dark_oak_planks":8,"minecraft:chipped_anvil":1,"minecraft:iron_axe":72,"minecraft:cobbled_deepslate":65,"farmersdelight:iron_knife":3,"minecraft:water_bucket":5,"minecraft:birch_planks":12,"minecraft:baked_potato":25,"minecraft:birch_boat":2,"minecraft:salmon":1,"minecraft:oak_slab":3,"minecraft:crafting_table":11,"minecraft:red_bed":1,"bosses_of_mass_destruction:soul_star":1,"farmersdelight:bacon_and_eggs":2,"cisco_mod:adventurer_helmet":10,"minecraft:apple":5,"minecraft:iron_pickaxe":585,"byg:soapstone":1,"fantasyfurniture:furniture_station":1,"minecraft:cobblestone":228,"minecraft:potion":1,"woodworks:dark_oak_bookshelf":11,"cisco_mod:adventurer_boots":7,"minecraft:bucket":5,"alexsmobs:animal_dictionary":1,"twigs:pebble":1,"minecraft:candle":3}},"DataVersion":3120}